Rank,Player,Age,Tm,First,Pts Won,Pts Max,Share,G,MP,PTS,TRB,AST,STL,BLK,FG%,3P%,FT%,WS,WS/48,Season
1,Jermaine O'Neal\onealje01,23,IND,52.0,52.0,126,0.413,72,37.6,19.0,10.5,1.6,0.6,2.3,0.479,0.071,0.688,6.4,0.113,2001
2,Ben Wallace\wallabe01,27,DET,16.0,16.0,126,0.127,80,36.5,7.6,13.0,1.4,1.7,3.5,0.531,0.0,0.423,11.6,0.19,2001
3,Steve Nash\nashst01,27,DAL,9.0,9.0,126,0.071,82,34.6,17.9,3.1,7.7,0.6,0.0,0.483,0.455,0.887,9.9,0.167,2001
4,Jerry Stackhouse\stackje01,27,DET,7.0,7.0,126,0.056,76,35.3,21.4,4.1,5.3,1.0,0.5,0.397,0.287,0.858,5.8,0.104,2001
5,Brent Barry\barrybr01,30,SEA,6.0,6.0,126,0.048,81,37.5,14.4,5.4,5.3,1.8,0.5,0.508,0.424,0.846,12.1,0.191,2001
6,Wally Szczerbiak\szczewa02,24,MIN,5.0,5.0,126,0.04,82,38.0,18.7,4.8,3.1,0.8,0.3,0.508,0.455,0.831,8.7,0.134,2001
7T,Troy Hudson\hudsotr01,25,ORL,4.0,4.0,126,0.032,81,22.9,11.7,1.8,3.1,0.7,0.1,0.434,0.353,0.876,2.5,0.064,2001
7T,Michael Olowokandi\olowomi01,26,LAC,4.0,4.0,126,0.032,80,32.1,11.1,8.9,1.1,0.7,1.8,0.433,,0.622,1.6,0.029,2001
9T,Kenyon Martin\martike01,24,NJN,3.0,3.0,126,0.024,73,34.3,14.9,5.3,2.6,1.2,1.7,0.463,0.224,0.678,4.9,0.093,2001
9T,Andre Miller\millean02,25,CLE,3.0,3.0,126,0.024,81,37.3,16.5,4.7,10.9,1.6,0.4,0.454,0.253,0.817,10.3,0.163,2001
9T,Michael Redd\reddmi01,22,MIL,3.0,3.0,126,0.024,67,21.1,11.4,3.3,1.4,0.6,0.1,0.483,0.444,0.791,4.6,0.155,2001
12T,Desmond Mason\masonde01,24,SEA,2.0,2.0,126,0.016,75,32.3,12.4,4.7,1.4,0.9,0.4,0.464,0.271,0.848,4.7,0.093,2001
12T,Gary Payton\paytoga01,33,SEA,2.0,2.0,126,0.016,82,40.3,22.1,4.8,9.0,1.6,0.3,0.467,0.314,0.797,12.6,0.183,2001
12T,Kenny Thomas\thomake01,24,HOU,2.0,2.0,126,0.016,72,34.5,14.1,7.2,1.9,1.2,0.9,0.478,0.0,0.664,4.4,0.085,2001
12T,Hedo Türkoğlu\turkohe01,22,SAC,2.0,2.0,126,0.016,80,24.6,10.1,4.5,2.0,0.7,0.4,0.422,0.368,0.726,5.2,0.127,2001
16T,Ricky Davis\davisri01,22,CLE,1.0,1.0,126,0.008,82,23.8,11.7,3.0,2.2,0.8,0.3,0.481,0.314,0.79,2.8,0.068,2001
16T,Bobby Jackson\jacksbo01,28,SAC,1.0,1.0,126,0.008,81,21.6,11.1,3.1,2.0,0.9,0.1,0.443,0.361,0.81,5.4,0.148,2001
16T,Todd MacCulloch\maccuto01,26,NJN,1.0,1.0,126,0.008,62,24.2,9.7,6.1,1.3,0.4,1.4,0.531,,0.671,5.6,0.179,2001
16T,Lee Nailon\nailole01,26,CHH,1.0,1.0,126,0.008,79,24.2,10.8,3.7,1.2,0.7,0.2,0.483,0.5,0.747,3.5,0.087,2001
16T,Wesley Person\persowe01,30,CLE,1.0,1.0,126,0.008,78,35.8,15.1,3.8,2.2,1.0,0.5,0.495,0.444,0.798,6.9,0.119,2001
16T,Jason Terry\terryja01,24,ATL,1.0,1.0,126,0.008,78,38.0,19.3,3.5,5.7,1.8,0.2,0.43,0.387,0.835,8.6,0.139,2001
1,Gilbert Arenas\arenagi01,21,GSW,41.0,288.0,590,0.488,82,35.0,18.3,4.7,6.3,1.5,0.2,0.431,0.348,0.791,6.5,0.109,2002
2,Matt Harpring\harprma01,26,UTA,29.0,234.0,590,0.397,78,32.8,17.6,6.6,1.7,0.9,0.2,0.511,0.413,0.792,8.8,0.166,2002
3,Troy Murphy\murphtr01,22,GSW,18.0,144.0,590,0.244,79,31.8,11.7,10.2,1.3,0.8,0.4,0.451,0.214,0.841,6.4,0.122,2002
4,Tony Parker\parketo01,20,SAS,14.0,143.0,590,0.242,82,33.8,15.5,2.6,5.3,0.9,0.0,0.464,0.337,0.755,7.7,0.134,2002
5,Ricky Davis\davisri01,23,CLE,2.0,43.0,590,0.073,79,39.6,20.6,4.9,5.5,1.6,0.5,0.41,0.363,0.748,3.0,0.046,2002
6,Chauncey Billups\billuch01,26,DET,3.0,42.0,590,0.071,74,31.4,16.2,3.7,3.9,0.9,0.2,0.421,0.392,0.878,9.9,0.204,2002
7,Jason Williams\willija02,27,MEM,3.0,40.0,590,0.068,76,31.7,12.1,2.8,8.3,1.2,0.1,0.388,0.354,0.84,4.7,0.094,2002
8,Richard Jefferson\jefferi01,22,NJN,2.0,23.0,590,0.039,80,36.0,15.5,6.4,2.5,1.0,0.6,0.501,0.25,0.743,9.9,0.164,2002
9,Troy Hudson\hudsotr01,26,MIN,1.0,14.0,590,0.024,79,32.9,14.2,2.3,5.7,0.8,0.1,0.428,0.365,0.9,5.1,0.094,2002
10,Corey Maggette\maggeco01,23,LAC,0.0,12.0,590,0.02,64,31.3,16.8,5.0,1.9,0.9,0.3,0.444,0.35,0.802,5.0,0.119,2002
11,Bobby Jackson\jacksbo01,29,SAC,0.0,11.0,590,0.019,59,28.4,15.2,3.7,3.1,1.2,0.1,0.464,0.379,0.846,5.5,0.157,2002
12,Michael Redd\reddmi01,23,MIL,1.0,9.0,590,0.015,82,28.2,15.1,4.5,1.4,1.2,0.2,0.469,0.438,0.805,8.0,0.167,2002
13,Metta World Peace\artesro01,23,IND,1.0,7.0,590,0.012,69,33.6,15.5,5.2,2.9,2.3,0.7,0.428,0.336,0.736,7.2,0.15,2002
14T,Andrei Kirilenko\kirilan01,21,UTA,1.0,5.0,590,0.008,80,27.7,12.0,5.3,1.7,1.5,2.2,0.491,0.325,0.8,9.2,0.199,2002
14T,Dirk Nowitzki\nowitdi01,24,DAL,1.0,5.0,590,0.008,80,39.0,25.1,9.9,3.0,1.4,1.0,0.463,0.379,0.881,16.1,0.249,2002
14T,Jermaine O'Neal\onealje01,24,IND,1.0,5.0,590,0.008,77,37.2,20.8,10.3,2.0,0.9,2.3,0.484,0.333,0.731,10.5,0.177,2002
14T,Stephon Marbury\marbust01,25,PHO,0.0,5.0,590,0.008,81,40.0,22.3,3.2,8.1,1.3,0.2,0.439,0.301,0.803,9.6,0.142,2002
18T,Stephen Jackson\jacksst02,24,SAS,0.0,4.0,590,0.007,80,28.2,11.8,3.6,2.3,1.6,0.4,0.435,0.32,0.76,4.8,0.102,2002
18T,Tracy McGrady\mcgratr01,23,ORL,0.0,4.0,590,0.007,75,39.4,32.1,6.5,5.5,1.7,0.8,0.457,0.386,0.793,16.1,0.262,2002
18T,Brad Miller\millebr01,26,IND,0.0,4.0,590,0.007,73,31.1,13.1,8.3,2.6,0.9,0.6,0.493,0.313,0.818,9.6,0.202,2002
21T,Brent Barry\barrybr01,31,SEA,0.0,3.0,590,0.005,75,33.1,10.3,4.0,5.1,1.5,0.2,0.458,0.403,0.795,7.3,0.141,2002
21T,Kevin Garnett\garneke01,26,MIN,0.0,3.0,590,0.005,82,40.5,23.0,13.4,6.0,1.4,1.6,0.502,0.282,0.751,15.6,0.225,2002
21T,Zydrunas Ilgauskas\ilgauzy01,27,CLE,0.0,3.0,590,0.005,81,30.0,17.2,7.5,1.6,0.7,1.9,0.441,0.0,0.781,5.0,0.099,2002
21T,Eric Snow\snower01,29,PHI,0.0,3.0,590,0.005,82,37.9,12.9,3.7,6.6,1.6,0.1,0.452,0.219,0.858,8.4,0.13,2002
25,Earl Boykins\boykiea01,26,GSW,0.0,2.0,590,0.003,68,19.4,8.8,1.3,3.3,0.6,0.1,0.429,0.377,0.865,3.5,0.127,2002
26T,Dion Glover\glovedi01,24,ATL,0.0,1.0,590,0.002,76,24.9,9.7,3.7,1.9,0.9,0.2,0.427,0.354,0.784,2.6,0.065,2002
26T,Anfernee Hardaway\hardaan01,31,PHO,0.0,1.0,590,0.002,58,30.6,10.6,4.4,4.1,1.1,0.4,0.447,0.356,0.794,2.3,0.062,2002
26T,Antawn Jamison\jamisan01,26,GSW,0.0,1.0,590,0.002,82,39.3,22.2,7.0,1.9,0.9,0.5,0.47,0.311,0.789,8.5,0.126,2002
26T,Steve Nash\nashst01,28,DAL,0.0,1.0,590,0.002,82,33.1,17.7,2.9,7.3,1.0,0.1,0.465,0.413,0.909,11.6,0.206,2002
26T,Rasho Nesterović\nestera01,26,MIN,0.0,1.0,590,0.002,77,30.4,11.2,6.5,1.5,0.5,1.5,0.525,0.0,0.642,5.2,0.107,2002
26T,Stromile Swift\swiftst01,23,MEM,0.0,1.0,590,0.002,67,22.1,9.7,5.7,0.7,0.8,1.6,0.481,0.0,0.722,3.3,0.108,2002
1,Zach Randolph\randoza01,22,POR,59.0,379.0,605,0.626,81,37.9,20.1,10.5,2.0,0.8,0.5,0.485,0.2,0.761,7.1,0.111,2003
2,Carlos Boozer\boozeca01,22,CLE,12.0,166.0,605,0.274,75,34.6,15.5,11.4,2.0,1.0,0.7,0.523,0.167,0.768,9.4,0.174,2003
3,James Posey\poseyja01,27,MEM,17.0,137.0,605,0.226,82,29.9,13.7,4.9,1.5,1.7,0.5,0.478,0.386,0.83,10.0,0.195,2003
4,Andrei Kirilenko\kirilan01,22,UTA,11.0,101.0,605,0.167,78,37.1,16.5,8.1,3.1,1.9,2.8,0.443,0.338,0.79,11.6,0.192,2003
5,Michael Redd\reddmi01,24,MIL,9.0,95.0,605,0.157,82,36.8,21.7,5.0,2.3,1.0,0.1,0.44,0.35,0.868,9.7,0.154,2003
6,Lamar Odom\odomla01,24,MIA,1.0,31.0,605,0.051,80,37.5,17.1,9.7,4.1,1.1,0.9,0.43,0.298,0.742,8.4,0.134,2003
7,Jamaal Magloire\magloja01,25,NOH,3.0,26.0,605,0.043,82,33.9,13.6,10.3,1.0,0.5,1.2,0.473,0.0,0.751,7.6,0.131,2003
8,Samuel Dalembert\dalemsa01,22,PHI,3.0,25.0,605,0.041,82,26.8,8.0,7.6,0.3,0.5,2.3,0.541,0.0,0.644,6.9,0.151,2003
9,Joe Johnson\johnsjo02,22,PHO,1.0,20.0,605,0.033,82,40.6,16.7,4.7,4.4,1.1,0.3,0.43,0.305,0.75,3.3,0.047,2003
10,Brian Cardinal\cardibr01,26,GSW,1.0,18.0,605,0.03,76,21.5,9.6,4.2,1.4,0.9,0.3,0.472,0.444,0.878,7.2,0.212,2003
11,Rafer Alston\alstora01,27,MIA,2.0,16.0,605,0.026,82,31.5,10.2,2.8,4.5,1.4,0.2,0.376,0.371,0.769,5.9,0.11,2003
12,Mark Blount\blounma01,28,BOS,0.0,10.0,605,0.017,82,29.3,10.3,7.2,0.9,1.0,1.3,0.566,,0.719,6.5,0.131,2003
13T,Quentin Richardson\richaqu01,23,LAC,1.0,8.0,605,0.013,65,36.0,17.2,6.4,2.1,1.0,0.3,0.398,0.352,0.74,2.4,0.05,2003
13T,Carlos Arroyo\arroyca01,24,UTA,0.0,8.0,605,0.013,71,28.3,12.6,2.6,5.0,0.9,0.1,0.441,0.325,0.804,4.7,0.112,2003
15T,Metta World Peace\artesro01,24,IND,1.0,7.0,605,0.012,73,37.2,18.3,5.3,3.7,2.1,0.7,0.421,0.31,0.733,8.0,0.141,2003
15T,Yao Ming\mingya01,23,HOU,0.0,7.0,605,0.012,82,32.8,17.5,9.0,1.5,0.3,1.9,0.522,0.0,0.809,11.4,0.202,2003
15T,Ronald Murray\murraro01,24,SEA,0.0,7.0,605,0.012,82,24.6,12.4,2.5,2.5,1.0,0.3,0.425,0.293,0.715,1.7,0.04,2003
18,Erick Dampier\dampier01,28,GSW,0.0,5.0,605,0.008,74,32.5,12.3,12.0,0.8,0.4,1.9,0.535,0.0,0.654,8.9,0.178,2003
19,Richard Jefferson\jefferi01,23,NJN,0.0,4.0,605,0.007,82,38.2,18.5,5.7,3.8,1.1,0.3,0.498,0.364,0.763,11.0,0.168,2003
20T,Mike Dunleavy\dunlemi02,23,GSW,0.0,3.0,605,0.005,75,31.1,11.7,5.9,2.9,0.9,0.2,0.449,0.37,0.741,5.2,0.107,2003
20T,Manu Ginóbili\ginobma01,26,SAS,0.0,3.0,605,0.005,77,29.4,12.8,4.5,3.8,1.8,0.2,0.418,0.359,0.802,9.1,0.194,2003
20T,Corey Maggette\maggeco01,24,LAC,0.0,3.0,605,0.005,73,36.0,20.7,5.9,3.1,0.9,0.2,0.447,0.329,0.848,8.6,0.157,2003
23,Tayshaun Prince\princta01,23,DET,0.0,2.0,605,0.003,82,32.9,10.3,4.8,2.3,0.8,0.8,0.467,0.363,0.766,7.5,0.134,2003
24T,Raja Bell\bellra01,27,UTA,0.0,1.0,605,0.002,82,24.6,11.2,2.9,1.3,0.8,0.2,0.409,0.373,0.786,3.7,0.088,2003
24T,Marcus Camby\cambyma01,29,DEN,0.0,1.0,605,0.002,72,30.0,8.6,10.1,1.8,1.2,2.6,0.477,0.0,0.721,6.9,0.154,2003
24T,Pau Gasol\gasolpa01,23,MEM,0.0,1.0,605,0.002,78,31.5,17.7,7.7,2.5,0.6,1.7,0.482,0.267,0.714,8.1,0.159,2003
24T,Nenê Hilário\hilarne01,21,DEN,0.0,1.0,605,0.002,77,32.5,11.8,6.5,2.2,1.5,0.5,0.53,0.0,0.682,6.1,0.117,2003
24T,Stephen Jackson\jacksst02,25,ATL,0.0,1.0,605,0.002,80,36.8,18.1,4.6,3.1,1.8,0.3,0.425,0.34,0.785,4.4,0.072,2003
24T,Desmond Mason\masonde01,26,MIL,0.0,1.0,605,0.002,82,30.9,14.4,4.4,1.9,0.7,0.3,0.472,0.231,0.769,5.7,0.107,2003
24T,Kenny Thomas\thomake01,26,PHI,0.0,1.0,605,0.002,74,36.5,13.6,10.1,1.5,1.1,0.4,0.469,0.2,0.752,6.6,0.118,2003
24T,Jason Williams\willija02,28,MEM,0.0,1.0,605,0.002,72,29.4,10.9,2.0,6.8,1.3,0.1,0.407,0.33,0.837,5.4,0.122,2003
1,Bobby Simmons\simmobo01,24,LAC,59.0,384.0,615,0.624,75,37.3,16.4,5.9,2.7,1.4,0.2,0.466,0.435,0.846,6.8,0.117,2004
2,Dwyane Wade\wadedw01,23,MIA,15.0,129.0,615,0.21,77,38.6,24.1,5.2,6.8,1.6,1.1,0.478,0.289,0.762,11.0,0.177,2004
3,Tayshaun Prince\princta01,24,DET,14.0,107.0,615,0.174,82,37.1,14.7,5.3,3.0,0.7,0.9,0.487,0.341,0.807,9.4,0.149,2004
4,Primož Brezec\brezepr01,25,CHA,5.0,75.0,615,0.122,72,31.6,13.0,7.4,1.2,0.5,0.8,0.512,,0.745,4.9,0.104,2004
5,Dan Dickau\dickada01,26,TOT,5.0,68.0,615,0.111,71,29.4,12.5,2.5,4.9,1.1,0.1,0.405,0.347,0.833,3.5,0.079,2004
6,LeBron James\jamesle01,20,CLE,4.0,57.0,615,0.093,80,42.4,27.2,7.4,7.2,2.2,0.7,0.472,0.351,0.75,14.3,0.203,2004
7,Amar'e Stoudemire\stoudam01,22,PHO,5.0,46.0,615,0.075,80,36.1,26.0,8.9,1.6,1.0,1.6,0.559,0.188,0.733,14.6,0.243,2004
8T,Larry Hughes\hughela01,26,WAS,1.0,28.0,615,0.046,61,38.7,22.0,6.3,4.7,2.9,0.3,0.43,0.282,0.777,7.7,0.157,2004
8T,Joel Przybilla\przybjo01,25,POR,1.0,28.0,615,0.046,76,24.4,6.4,7.7,1.0,0.3,2.1,0.598,,0.517,4.7,0.121,2004
10,Chris Bosh\boshch01,20,TOR,1.0,21.0,615,0.034,81,37.2,16.8,8.9,1.9,0.9,1.4,0.471,0.3,0.76,6.8,0.108,2004
11,Grant Hill\hillgr01,32,ORL,2.0,17.0,615,0.028,67,34.9,19.7,4.7,3.3,1.4,0.4,0.509,0.231,0.821,6.6,0.136,2004
12,Udonis Haslem\hasleud01,24,MIA,1.0,16.0,615,0.026,80,33.4,10.9,9.1,1.4,0.8,0.5,0.54,0.0,0.791,9.2,0.165,2004
13T,Damon Jones\jonesda01,28,MIA,2.0,14.0,615,0.023,82,31.4,11.6,2.8,4.3,0.5,0.1,0.456,0.432,0.791,8.7,0.162,2004
13T,Luke Ridnour\ridnolu01,23,SEA,1.0,14.0,615,0.023,82,31.4,10.0,2.5,5.9,1.1,0.3,0.405,0.376,0.883,5.4,0.1,2004
15,Gilbert Arenas\arenagi01,23,WAS,1.0,13.0,615,0.021,80,40.9,25.5,4.7,5.1,1.7,0.3,0.431,0.365,0.814,11.5,0.169,2004
16,Kirk Hinrich\hinriki01,24,CHI,1.0,12.0,615,0.02,77,36.4,15.7,3.9,6.4,1.6,0.3,0.397,0.355,0.792,7.2,0.124,2004
17,Kyle Korver\korveky01,23,PHI,0.0,9.0,615,0.015,82,32.5,11.5,4.6,2.2,1.3,0.4,0.418,0.405,0.854,6.6,0.119,2004
18,Tyson Chandler\chandty01,22,CHI,0.0,8.0,615,0.013,80,27.4,8.0,9.7,0.8,0.9,1.8,0.494,0.0,0.673,8.3,0.183,2004
19,Josh Howard\howarjo01,24,DAL,1.0,7.0,615,0.011,76,32.2,12.6,6.4,1.4,1.5,0.6,0.475,0.296,0.733,6.4,0.126,2004
20T,Vince Carter\cartevi01,28,TOT,1.0,6.0,615,0.01,77,36.7,24.5,5.2,4.2,1.4,0.6,0.452,0.406,0.798,9.4,0.159,2004
20T,Joe Johnson\johnsjo02,23,PHO,0.0,6.0,615,0.01,82,39.5,17.1,5.1,3.5,1.0,0.3,0.461,0.478,0.75,7.6,0.112,2004
22T,Shawn Marion\mariosh01,26,PHO,1.0,5.0,615,0.008,81,38.8,19.4,11.3,1.9,2.0,1.5,0.476,0.334,0.833,12.5,0.191,2004
22T,Dirk Nowitzki\nowitdi01,26,DAL,1.0,5.0,615,0.008,78,38.7,26.1,9.7,3.1,1.2,1.5,0.459,0.399,0.869,15.6,0.248,2004
22T,Shaquille O'Neal\onealsh01,32,MIA,1.0,5.0,615,0.008,73,34.1,22.9,10.4,2.7,0.5,2.3,0.601,,0.461,11.0,0.211,2004
22T,Eddy Curry\curryed01,22,CHI,0.0,5.0,615,0.008,63,28.7,16.1,5.4,0.6,0.3,0.9,0.538,,0.72,4.3,0.115,2004
26T,Reggie Evans\evansre01,24,SEA,0.0,3.0,615,0.005,79,23.8,4.9,9.3,0.7,0.7,0.2,0.476,0.0,0.534,3.8,0.096,2004
26T,Fred Jones\jonesfr01,25,IND,0.0,3.0,615,0.005,77,29.5,10.6,3.1,2.5,0.8,0.4,0.425,0.38,0.85,4.8,0.102,2004
26T,Brevin Knight\knighbr01,29,CHA,0.0,3.0,615,0.005,66,29.5,10.1,2.6,9.0,2.0,0.1,0.422,0.15,0.852,4.5,0.11,2004
26T,Jason Richardson\richaja01,24,GSW,0.0,3.0,615,0.005,72,37.8,21.7,5.9,3.9,1.5,0.4,0.446,0.338,0.693,5.7,0.1,2004
26T,Gerald Wallace\wallage01,22,CHA,0.0,3.0,615,0.005,70,30.7,11.1,5.5,2.0,1.7,1.3,0.449,0.274,0.661,2.4,0.055,2004
31,Drew Gooden\goodedr01,23,CLE,0.0,2.0,615,0.003,82,30.8,14.4,9.2,1.6,0.9,0.9,0.492,0.179,0.81,8.5,0.163,2004
32T,Ricky Davis\davisri01,25,BOS,0.0,1.0,615,0.002,82,32.9,16.0,3.0,3.0,1.1,0.3,0.462,0.339,0.815,4.2,0.074,2004
32T,Anthony Johnson\johnsan02,30,IND,0.0,1.0,615,0.002,63,27.7,8.4,2.8,4.8,0.9,0.2,0.445,0.38,0.752,4.0,0.11,2004
32T,Rashard Lewis\lewisra02,25,SEA,0.0,1.0,615,0.002,71,38.0,20.5,5.5,1.3,1.1,0.9,0.462,0.4,0.777,8.4,0.15,2004
32T,Tony Parker\parketo01,22,SAS,0.0,1.0,615,0.002,80,34.2,16.6,3.7,6.1,1.2,0.1,0.482,0.276,0.65,8.1,0.141,2004
32T,Mickaël Piétrus\pietrmi01,22,GSW,0.0,1.0,615,0.002,67,20.0,9.5,2.8,1.2,0.7,0.3,0.427,0.344,0.698,2.1,0.075,2004
1,Boris Diaw\diawbo01,23,PHO,80.0,489.0,630,0.776,81,35.5,13.3,6.9,6.2,0.7,1.0,0.526,0.267,0.731,8.9,0.149,2005
2,David West\westda01,25,NOK,22.0,283.0,630,0.449,74,34.1,17.1,7.4,1.2,0.8,0.9,0.512,0.273,0.843,7.4,0.141,2005
3,Nenad Krstić\krstine01,22,NJN,4.0,65.0,630,0.103,80,30.9,13.5,6.4,1.1,0.4,0.8,0.507,0.25,0.698,5.4,0.105,2005
4,Gerald Wallace\wallage01,23,CHA,3.0,46.0,630,0.073,55,34.5,15.2,7.5,1.7,2.5,2.1,0.538,0.28,0.614,6.4,0.163,2005
5,Chris Bosh\boshch01,21,TOR,3.0,43.0,630,0.068,70,39.3,22.5,9.2,2.6,0.7,1.1,0.505,0.0,0.816,9.8,0.17,2005
6T,Andrés Nocioni\nocioan01,26,CHI,4.0,29.0,630,0.046,82,27.3,13.0,6.1,1.4,0.5,0.6,0.461,0.391,0.843,6.7,0.144,2005
6T,Tony Parker\parketo01,23,SAS,3.0,29.0,630,0.046,80,33.9,18.9,3.3,5.8,1.0,0.1,0.548,0.306,0.707,9.6,0.169,2005
8,Mike James\jamesmi01,30,TOR,1.0,21.0,630,0.033,79,37.0,20.3,3.3,5.8,0.9,0.0,0.469,0.442,0.837,7.6,0.125,2005
9,Carmelo Anthony\anthoca01,21,DEN,2.0,19.0,630,0.03,80,36.8,26.5,4.9,2.7,1.1,0.5,0.481,0.243,0.808,9.4,0.153,2005
10,Jameer Nelson\nelsoja01,23,ORL,1.0,18.0,630,0.029,62,28.8,14.6,2.9,4.9,1.1,0.1,0.483,0.424,0.779,4.9,0.132,2005
11T,Yao Ming\mingya01,25,HOU,2.0,14.0,630,0.022,57,34.2,22.3,10.2,1.5,0.5,1.6,0.519,0.0,0.853,8.6,0.211,2005
11T,Chris Kaman\kamanch01,23,LAC,0.0,14.0,630,0.022,78,32.8,11.9,9.6,1.0,0.6,1.4,0.523,0.0,0.77,6.1,0.114,2005
13,Elton Brand\brandel01,26,LAC,0.0,10.0,630,0.016,79,39.2,24.7,10.0,2.6,1.0,2.5,0.527,0.333,0.775,14.8,0.229,2005
14T,DeSagana Diop\diopde01,24,DAL,1.0,8.0,630,0.013,81,18.6,2.3,4.6,0.3,0.5,1.8,0.487,0.5,0.542,4.1,0.13,2005
14T,Smush Parker\parkesm01,24,LAL,0.0,8.0,630,0.013,82,33.8,11.5,3.3,3.7,1.7,0.2,0.447,0.366,0.694,5.8,0.1,2005
16T,Pau Gasol\gasolpa01,25,MEM,0.0,6.0,630,0.01,80,39.2,20.4,8.9,4.6,0.6,1.9,0.503,0.25,0.689,12.0,0.184,2005
16T,Mehmet Okur\okurme01,26,UTA,0.0,6.0,630,0.01,82,35.9,18.0,9.1,2.4,0.5,0.9,0.46,0.342,0.78,9.3,0.152,2005
18,Dwight Howard\howardw01,20,ORL,0.0,5.0,630,0.008,82,36.8,15.8,12.5,1.5,0.8,1.4,0.531,0.0,0.595,8.6,0.137,2005
19T,Caron Butler\butleca01,25,WAS,0.0,4.0,630,0.006,75,36.1,17.6,6.2,2.5,1.7,0.2,0.455,0.342,0.87,6.3,0.112,2005
19T,LeBron James\jamesle01,21,CLE,0.0,4.0,630,0.006,79,42.5,31.4,7.0,6.6,1.6,0.8,0.48,0.335,0.738,16.3,0.232,2005
21T,Kevin Martin\martike02,22,SAC,0.0,2.0,630,0.003,72,26.6,10.8,3.6,1.3,0.8,0.1,0.48,0.369,0.847,5.5,0.137,2005
21T,Zaza Pachulia\pachuza01,21,ATL,0.0,2.0,630,0.003,78,31.4,11.7,7.9,1.7,1.1,0.5,0.451,0.0,0.735,3.9,0.077,2005
23T,Raja Bell\bellra01,29,PHO,0.0,1.0,630,0.002,79,37.5,14.7,3.2,2.6,1.0,0.3,0.457,0.442,0.788,6.8,0.11,2005
23T,Kobe Bryant\bryanko01,27,LAL,0.0,1.0,630,0.002,80,41.0,35.4,5.3,4.5,1.8,0.4,0.45,0.347,0.85,15.3,0.224,2005
23T,Luol Deng\denglu01,20,CHI,0.0,1.0,630,0.002,78,33.4,14.3,6.6,1.9,0.9,0.6,0.463,0.269,0.75,6.5,0.12,2005
23T,Matt Harpring\harprma01,29,UTA,0.0,1.0,630,0.002,71,27.4,12.5,5.2,1.4,0.8,0.2,0.475,0.359,0.725,4.7,0.115,2005
23T,Paul Pierce\piercpa01,28,BOS,0.0,1.0,630,0.002,79,39.0,26.8,6.7,4.7,1.4,0.4,0.471,0.354,0.772,11.5,0.178,2005
23T,Bobby Simmons\simmobo01,25,MIL,0.0,1.0,630,0.002,75,33.8,13.4,4.4,2.3,1.1,0.3,0.453,0.42,0.825,5.3,0.101,2005
23T,Josh Smith\smithjo03,20,ATL,0.0,1.0,630,0.002,80,32.0,11.3,6.6,2.4,0.8,2.6,0.425,0.309,0.719,3.6,0.067,2005
23T,Chris Wilcox\wilcoch01,23,TOT,0.0,1.0,630,0.002,77,19.9,8.1,5.3,0.7,0.4,0.4,0.571,0.0,0.732,4.4,0.138,2005
23T,Mo Williams\willima01,23,MIL,0.0,1.0,630,0.002,58,26.4,12.1,2.5,4.0,0.9,0.1,0.424,0.382,0.85,2.5,0.079,2005
1,Monta Ellis\ellismo01,21,GSW,47.0,352.0,645,0.546,77,34.3,16.5,3.2,4.1,1.7,0.3,0.475,0.273,0.763,4.0,0.072,2006
2,Kevin Martin\martike02,23,SAC,44.0,349.0,645,0.541,80,35.2,20.2,4.3,2.2,1.2,0.1,0.473,0.381,0.844,10.2,0.173,2006
3,Deron Williams\willide01,22,UTA,13.0,101.0,645,0.157,80,36.9,16.2,3.3,9.3,1.0,0.2,0.456,0.322,0.767,7.2,0.117,2006
4,Tyson Chandler\chandty01,24,NOK,6.0,72.0,645,0.112,73,34.6,9.5,12.4,0.9,0.5,1.8,0.624,0.0,0.527,7.9,0.15,2006
5,Andris Biedriņš\biedran01,20,GSW,8.0,64.0,645,0.099,82,29.0,9.5,9.3,1.1,0.8,1.7,0.599,,0.521,6.7,0.136,2006
6,Al Jefferson\jeffeal01,22,BOS,2.0,62.0,645,0.096,69,33.6,16.0,11.0,1.3,0.7,1.5,0.514,0.0,0.681,6.6,0.137,2006
7,Luol Deng\denglu01,21,CHI,2.0,44.0,645,0.068,82,37.5,18.8,7.1,2.5,1.2,0.6,0.517,0.143,0.777,11.3,0.176,2006
8,Leandro Barbosa\barbole01,24,PHO,3.0,24.0,645,0.037,80,32.7,18.1,2.7,4.0,1.2,0.2,0.476,0.434,0.845,8.2,0.151,2006
9,Andre Iguodala\iguodan01,23,PHI,1.0,14.0,645,0.022,76,40.3,18.2,5.7,5.7,2.0,0.4,0.447,0.31,0.82,7.7,0.12,2006
10,David Lee\leeda02,23,NYK,0.0,12.0,645,0.019,58,29.8,10.7,10.4,1.8,0.8,0.4,0.6,,0.815,6.9,0.191,2006
11,Jason Kapono\kaponja01,25,MIA,0.0,10.0,645,0.016,67,26.4,10.9,2.7,1.2,0.6,0.0,0.494,0.514,0.892,4.2,0.114,2006
12T,Josh Howard\howarjo01,26,DAL,1.0,9.0,645,0.014,70,35.1,18.9,6.8,1.8,1.2,0.8,0.459,0.385,0.827,8.8,0.173,2006
12T,Mikki Moore\mooremi01,31,NJN,0.0,9.0,645,0.014,79,26.4,9.8,5.1,0.9,0.6,0.8,0.609,0.0,0.681,5.7,0.131,2006
14,Carlos Boozer\boozeca01,25,UTA,1.0,8.0,645,0.012,74,34.6,20.9,11.7,3.0,0.9,0.3,0.561,,0.685,9.9,0.185,2006
15,José Calderón\caldejo01,25,TOR,0.0,6.0,645,0.009,77,21.0,8.7,1.7,5.0,0.8,0.1,0.521,0.333,0.818,5.4,0.162,2006
16,Amar'e Stoudemire\stoudam01,24,PHO,1.0,5.0,645,0.008,82,32.8,20.4,9.6,1.0,1.0,1.3,0.575,0.0,0.781,11.2,0.201,2006
17T,Matt Carroll\carroma01,26,CHA,0.0,3.0,645,0.005,72,26.1,12.1,2.9,1.3,0.7,0.1,0.433,0.416,0.904,4.6,0.117,2006
17T,Eddy Curry\curryed01,24,NYK,0.0,3.0,645,0.005,81,35.2,19.5,7.0,0.8,0.4,0.5,0.576,1.0,0.615,4.7,0.079,2006
17T,Boštjan Nachbar\nachbbo01,26,NJN,0.0,3.0,645,0.005,76,20.2,9.2,3.3,0.8,0.4,0.3,0.457,0.423,0.805,4.1,0.128,2006
20,Caron Butler\butleca01,26,WAS,0.0,2.0,645,0.003,63,39.3,19.1,7.4,3.7,2.1,0.3,0.463,0.25,0.863,5.3,0.103,2006
21T,Andrew Bynum\bynuman01,19,LAL,0.0,1.0,645,0.002,82,21.9,7.8,5.9,1.1,0.1,1.6,0.558,0.0,0.668,4.2,0.112,2006
21T,Ben Gordon\gordobe01,23,CHI,0.0,1.0,645,0.002,82,33.0,21.4,3.1,3.6,0.8,0.2,0.455,0.413,0.864,8.6,0.152,2006
21T,Nenê Hilário\hilarne01,24,DEN,0.0,1.0,645,0.002,64,26.8,12.2,7.0,1.2,1.0,0.9,0.57,0.0,0.689,5.3,0.148,2006
21T,Dwight Howard\howardw01,21,ORL,0.0,1.0,645,0.002,82,36.9,17.6,12.3,1.9,0.9,1.9,0.603,0.5,0.586,9.7,0.154,2006
21T,Sasha Pavlović\pavloal01,23,CLE,0.0,1.0,645,0.002,67,22.9,9.0,2.4,1.6,0.8,0.3,0.453,0.405,0.794,3.1,0.098,2006
21T,Josh Smith\smithjo03,21,ATL,0.0,1.0,645,0.002,72,36.8,16.4,8.6,3.3,1.4,2.9,0.439,0.25,0.693,4.4,0.079,2006
21T,Gerald Wallace\wallage01,24,CHA,0.0,1.0,645,0.002,72,36.7,18.1,7.2,2.6,2.0,1.0,0.502,0.325,0.691,7.7,0.141,2006
21T,Luke Walton\waltolu01,26,LAL,0.0,1.0,645,0.002,60,33.0,11.4,5.0,4.3,1.0,0.4,0.474,0.387,0.745,3.8,0.092,2006
21T,Chris Wilcox\wilcoch01,24,SEA,0.0,1.0,645,0.002,82,31.5,13.5,7.7,1.0,0.9,0.5,0.529,0.0,0.684,6.0,0.112,2006
1,Hedo Türkoğlu\turkohe01,28,ORL,61.0,380.0,625,0.608,82,36.9,19.5,5.7,5.0,0.9,0.3,0.456,0.4,0.829,9.0,0.143,2007
2,Rudy Gay\gayru01,21,MEM,23.0,167.0,625,0.267,81,37.0,20.1,6.2,2.0,1.4,1.0,0.461,0.346,0.785,5.0,0.08,2007
3,LaMarcus Aldridge\aldrila01,22,POR,9.0,128.0,625,0.205,76,34.9,17.8,7.6,1.6,0.7,1.2,0.484,0.143,0.762,6.2,0.113,2007
4,Al Jefferson\jeffeal01,23,MIN,6.0,100.0,625,0.16,82,35.6,21.0,11.1,1.4,0.9,1.5,0.5,0.0,0.721,7.7,0.127,2007
5,Rajon Rondo\rondora01,21,BOS,6.0,77.0,625,0.123,77,29.9,10.6,4.2,5.1,1.7,0.2,0.492,0.263,0.611,7.2,0.15,2007
6,Mike Dunleavy\dunlemi02,27,IND,3.0,51.0,625,0.082,82,36.0,19.1,5.2,3.5,1.0,0.4,0.476,0.424,0.834,8.5,0.138,2007
7,José Calderón\caldejo01,26,TOR,2.0,45.0,625,0.072,82,30.3,11.2,2.9,8.3,1.1,0.1,0.519,0.429,0.908,10.2,0.197,2007
8,Chris Paul\paulch01,22,NOH,5.0,41.0,625,0.066,80,37.6,21.1,4.0,11.6,2.7,0.1,0.488,0.369,0.851,17.8,0.284,2007
9,Beno Udrih\udrihbe01,25,SAC,1.0,17.0,625,0.027,65,32.0,12.8,3.3,4.3,0.9,0.2,0.463,0.387,0.85,2.4,0.056,2007
10,David West\westda01,27,NOH,1.0,15.0,625,0.024,76,37.8,20.6,8.9,2.3,0.8,1.3,0.482,0.24,0.85,8.4,0.14,2007
11,Ronnie Brewer\brewero02,22,UTA,1.0,12.0,625,0.019,76,27.5,12.0,2.9,1.8,1.7,0.3,0.558,0.22,0.759,7.8,0.178,2007
12,Andrew Bynum\bynuman01,20,LAL,1.0,11.0,625,0.018,35,28.8,13.1,10.2,1.7,0.3,2.1,0.636,,0.695,4.8,0.23,2007
13,Chris Kaman\kamanch01,25,LAC,1.0,9.0,625,0.014,56,37.2,15.7,12.7,1.9,0.6,2.8,0.483,0.0,0.762,3.6,0.083,2007
14,Lou Williams\willilo02,21,PHI,1.0,8.0,625,0.013,80,23.3,11.5,2.1,3.2,1.0,0.2,0.424,0.359,0.783,4.4,0.112,2007
15T,Andrew Bogut\bogutan01,23,MIL,0.0,7.0,625,0.011,78,34.9,14.3,9.8,2.6,0.8,1.7,0.511,0.0,0.587,4.8,0.085,2007
15T,Monta Ellis\ellismo01,22,GSW,0.0,7.0,625,0.011,81,37.9,20.2,5.0,3.9,1.5,0.3,0.531,0.231,0.767,9.0,0.14,2007
17,Rafer Alston\alstora01,31,HOU,1.0,6.0,625,0.01,74,34.1,13.1,3.5,5.3,1.3,0.2,0.394,0.351,0.715,5.0,0.095,2007
18T,Andre Iguodala\iguodan01,24,PHI,1.0,5.0,625,0.008,82,39.5,19.9,5.4,4.8,2.1,0.6,0.456,0.329,0.721,9.6,0.143,2007
18T,LeBron James\jamesle01,23,CLE,1.0,5.0,625,0.008,75,40.4,30.0,7.9,7.2,1.8,1.1,0.484,0.315,0.712,15.2,0.242,2007
18T,Travis Outlaw\outlatr01,23,POR,1.0,5.0,625,0.008,82,26.7,13.3,4.6,1.3,0.7,0.8,0.433,0.396,0.741,3.2,0.071,2007
21T,Brandon Bass\bassbr01,22,DAL,0.0,4.0,625,0.006,79,19.7,8.3,4.4,0.7,0.3,0.6,0.499,0.0,0.822,4.3,0.132,2007
21T,Deron Williams\willide01,23,UTA,0.0,4.0,625,0.006,82,37.3,18.8,3.0,10.5,1.1,0.3,0.507,0.395,0.803,11.3,0.177,2007
23T,Tyson Chandler\chandty01,25,NOH,0.0,3.0,625,0.005,79,35.2,11.8,11.7,1.0,0.6,1.1,0.623,0.0,0.593,10.0,0.172,2007
23T,Dwight Howard\howardw01,22,ORL,0.0,3.0,625,0.005,82,37.7,20.7,14.2,1.3,0.9,2.1,0.599,0.0,0.59,12.9,0.2,2007
23T,Linas Kleiza\kleizli01,23,DEN,0.0,3.0,625,0.005,79,23.9,11.1,4.2,1.2,0.6,0.2,0.472,0.339,0.77,4.7,0.119,2007
23T,Jason Maxiell\maxieja01,24,DET,0.0,3.0,625,0.005,82,21.6,7.9,5.3,0.6,0.3,1.1,0.538,0.0,0.633,6.3,0.171,2007
23T,Shaquille O'Neal\onealsh01,35,TOT,0.0,3.0,625,0.005,61,28.7,13.6,9.1,1.5,0.5,1.4,0.593,,0.503,2.8,0.078,2007
28T,Danny Granger\grangda01,24,IND,0.0,2.0,625,0.003,80,36.0,19.6,6.1,2.1,1.2,1.1,0.446,0.404,0.852,7.3,0.122,2007
28T,Brandon Roy\roybr01,23,POR,0.0,2.0,625,0.003,74,37.7,19.1,4.7,5.8,1.1,0.2,0.454,0.34,0.753,8.0,0.138,2007
30T,Roger Mason\masonro01,27,WAS,0.0,1.0,625,0.002,80,21.4,9.1,1.6,1.7,0.5,0.2,0.443,0.398,0.873,3.4,0.096,2007
30T,J.R. Smith\smithjr01,22,DEN,0.0,1.0,625,0.002,74,19.2,12.3,2.1,1.7,0.8,0.2,0.461,0.403,0.719,3.7,0.126,2007
1,Danny Granger\grangda01,25,IND,48.0,364.0,605,0.602,67,36.2,25.8,5.1,2.7,1.0,1.4,0.447,0.404,0.878,8.0,0.158,2008
2,Devin Harris\harride01,25,NJN,43.0,339.0,605,0.56,69,36.1,21.3,3.3,6.9,1.7,0.2,0.438,0.291,0.82,7.5,0.145,2008
3,Kevin Durant\duranke01,20,OKC,6.0,83.0,605,0.137,74,39.0,25.3,6.5,2.8,1.3,0.7,0.476,0.422,0.863,7.9,0.132,2008
4,Paul Millsap\millspa01,23,UTA,3.0,77.0,605,0.127,76,30.1,13.5,8.6,1.8,1.0,1.0,0.534,0.0,0.699,7.7,0.162,2008
5,Nenê Hilário\hilarne01,26,DEN,7.0,58.0,605,0.096,77,32.6,14.6,7.8,1.4,1.2,1.3,0.604,0.2,0.723,9.3,0.177,2008
6,Rajon Rondo\rondora01,22,BOS,2.0,29.0,605,0.048,80,33.0,11.9,5.2,8.2,1.9,0.1,0.505,0.313,0.642,9.9,0.179,2008
7,David Lee\leeda02,25,NYK,1.0,25.0,605,0.041,81,34.9,16.0,11.7,2.1,1.0,0.3,0.549,0.0,0.755,9.0,0.154,2008
8,John Salmons\salmojo01,29,TOT,2.0,17.0,605,0.028,79,37.5,18.3,4.2,3.2,1.1,0.3,0.472,0.417,0.83,5.6,0.09,2008
9,Thaddeus Young\youngth01,20,PHI,1.0,16.0,605,0.026,75,34.4,15.3,5.0,1.1,1.3,0.3,0.495,0.341,0.735,5.5,0.102,2008
10,Von Wafer\wafervo01,23,HOU,2.0,12.0,605,0.02,63,19.4,9.7,1.8,1.1,0.6,0.1,0.447,0.39,0.752,2.6,0.103,2008
11,Brandon Roy\roybr01,24,POR,1.0,8.0,605,0.013,78,37.2,22.6,4.7,5.1,1.1,0.3,0.48,0.377,0.824,13.5,0.223,2008
12T,Chris Andersen\anderch01,30,DEN,1.0,6.0,605,0.01,71,20.6,6.4,6.2,0.4,0.6,2.5,0.548,0.2,0.718,5.4,0.176,2008
12T,J.R. Smith\smithjr01,23,DEN,1.0,6.0,605,0.01,81,27.7,15.2,3.7,2.8,1.0,0.2,0.446,0.397,0.754,5.8,0.124,2008
14T,Wilson Chandler\chandwi01,21,NYK,1.0,5.0,605,0.008,82,33.4,14.4,5.4,2.1,0.9,0.9,0.432,0.328,0.795,3.1,0.054,2008
14T,Glen Davis\davisgl01,23,BOS,1.0,5.0,605,0.008,76,21.5,7.0,4.0,0.9,0.7,0.3,0.442,0.4,0.73,3.7,0.108,2008
14T,Jason Terry\terryja01,31,DAL,1.0,5.0,605,0.008,74,33.7,19.6,2.4,3.4,1.3,0.3,0.463,0.366,0.88,7.3,0.14,2008
17T,Aaron Brooks\brookaa01,24,HOU,0.0,4.0,605,0.007,80,25.0,11.2,2.0,3.0,0.6,0.1,0.404,0.366,0.866,3.6,0.086,2008
17T,Jameer Nelson\nelsoja01,26,ORL,0.0,4.0,605,0.007,42,31.2,16.7,3.5,5.4,1.2,0.1,0.503,0.453,0.887,6.0,0.22,2008
19T,LaMarcus Aldridge\aldrila01,23,POR,0.0,3.0,605,0.005,81,37.1,18.1,7.5,1.9,1.0,1.0,0.484,0.25,0.781,9.5,0.151,2008
19T,Kelenna Azubuike\azubuke01,25,GSW,0.0,3.0,605,0.005,74,32.1,14.4,5.0,1.6,0.8,0.7,0.464,0.448,0.808,4.1,0.083,2008
19T,Roger Mason\masonro01,28,SAS,0.0,3.0,605,0.005,82,30.4,11.8,3.1,2.1,0.5,0.1,0.425,0.421,0.89,4.7,0.091,2008
19T,Dwyane Wade\wadedw01,27,MIA,0.0,3.0,605,0.005,79,38.6,30.2,5.0,7.5,2.2,1.3,0.491,0.317,0.765,14.7,0.232,2008
23T,Ronnie Brewer\brewero02,23,UTA,0.0,2.0,605,0.003,81,32.2,13.7,3.7,2.2,1.7,0.4,0.508,0.259,0.702,6.8,0.126,2008
23T,Luis Scola\scolalu01,28,HOU,0.0,2.0,605,0.003,82,30.3,12.7,8.8,1.5,0.8,0.1,0.531,0.0,0.76,8.6,0.165,2008
25T,J.J. Barea\bareajo01,24,DAL,0.0,1.0,605,0.002,79,20.3,7.8,2.2,3.4,0.5,0.1,0.442,0.357,0.753,2.2,0.066,2008
25T,Andrea Bargnani\bargnan01,23,TOR,0.0,1.0,605,0.002,78,31.4,15.4,5.3,1.2,0.4,1.2,0.45,0.409,0.831,3.9,0.076,2008
25T,Rasual Butler\butlera01,29,NOH,0.0,1.0,605,0.002,82,31.9,11.2,3.3,0.9,0.6,0.7,0.433,0.39,0.782,4.6,0.084,2008
25T,Mike Conley\conlemi01,21,MEM,0.0,1.0,605,0.002,82,30.6,10.9,3.4,4.3,1.1,0.1,0.442,0.406,0.817,4.5,0.086,2008
25T,Jeff Green\greenje02,22,OKC,0.0,1.0,605,0.002,78,36.8,16.5,6.7,2.0,1.0,0.4,0.446,0.389,0.788,4.2,0.07,2008
25T,Emeka Okafor\okafoem01,26,CHA,0.0,1.0,605,0.002,82,32.8,13.2,10.1,0.6,0.6,1.7,0.561,,0.593,8.2,0.147,2008
25T,Kendrick Perkins\perkike01,24,BOS,0.0,1.0,605,0.002,76,29.6,8.5,8.1,1.3,0.3,2.0,0.577,0.0,0.6,5.6,0.119,2008
25T,Tyrus Thomas\thomaty01,22,CHI,0.0,1.0,605,0.002,79,27.5,10.8,6.4,1.0,1.2,1.9,0.451,0.333,0.783,4.6,0.101,2008
25T,Gerald Wallace\wallage01,26,CHA,0.0,1.0,605,0.002,71,37.6,16.6,7.8,2.7,1.7,0.9,0.48,0.298,0.804,9.5,0.172,2008
25T,Mo Williams\willima01,26,CLE,0.0,1.0,605,0.002,81,35.0,17.8,3.4,4.1,0.9,0.1,0.467,0.436,0.912,9.8,0.165,2008
1,Aaron Brooks\brookaa01,25,HOU,62.0,403.0,615,0.655,82,35.6,19.6,2.6,5.3,0.8,0.2,0.432,0.398,0.822,5.5,0.091,2009
2T,Kevin Durant\duranke01,21,OKC,17.0,101.0,615,0.164,82,39.5,30.1,7.6,2.8,1.4,1.0,0.476,0.365,0.9,16.1,0.238,2009
2T,Marc Gasol\gasolma01,25,MEM,9.0,101.0,615,0.164,69,35.8,14.6,9.3,2.4,1.0,1.6,0.581,0.0,0.67,8.4,0.164,2009
2T,George Hill\hillge01,23,SAS,7.0,101.0,615,0.164,78,29.2,12.4,2.6,2.9,0.9,0.3,0.478,0.399,0.772,6.7,0.142,2009
5,Andrew Bogut\bogutan01,25,MIL,7.0,93.0,615,0.151,69,32.3,15.9,10.2,1.8,0.6,2.5,0.52,0.0,0.629,7.5,0.161,2009
6,Russell Westbrook\westbru01,21,OKC,5.0,67.0,615,0.109,82,34.3,16.1,4.9,8.0,1.3,0.4,0.418,0.221,0.78,6.1,0.105,2009
7,Joakim Noah\noahjo01,24,CHI,7.0,64.0,615,0.104,64,30.1,10.7,11.0,2.1,0.5,1.6,0.504,,0.744,6.2,0.154,2009
8,Gerald Wallace\wallage01,27,CHA,3.0,29.0,615,0.047,76,41.0,18.2,10.0,2.1,1.5,1.1,0.484,0.371,0.776,11.5,0.177,2009
9T,Brook Lopez\lopezbr01,21,NJN,1.0,19.0,615,0.031,82,36.9,18.8,8.6,2.3,0.7,1.7,0.499,0.0,0.817,7.9,0.125,2009
9T,Corey Brewer\breweco01,23,MIN,0.0,19.0,615,0.031,82,30.3,13.0,3.4,2.4,1.4,0.4,0.431,0.346,0.648,1.0,0.02,2009
11,Carl Landry\landrca01,26,TOT,0.0,18.0,615,0.029,80,30.9,16.8,5.9,0.8,0.7,0.8,0.536,0.333,0.806,7.7,0.15,2009
12T,Rajon Rondo\rondora01,23,BOS,2.0,12.0,615,0.02,81,36.6,13.7,4.4,9.8,2.3,0.1,0.508,0.213,0.621,9.6,0.156,2009
12T,Andray Blatche\blatcan01,23,WAS,1.0,12.0,615,0.02,81,27.9,14.1,6.3,2.1,1.0,0.9,0.478,0.295,0.744,3.4,0.073,2009
14T,Channing Frye\fryech01,26,PHO,1.0,10.0,615,0.016,81,27.0,11.2,5.3,1.4,0.8,0.9,0.451,0.439,0.81,6.4,0.141,2009
14T,Danilo Gallinari\gallida01,21,NYK,0.0,10.0,615,0.016,81,33.9,15.1,4.9,1.7,0.9,0.7,0.423,0.381,0.818,5.6,0.098,2009
16,Josh Smith\smithjo03,24,ATL,0.0,8.0,615,0.013,81,35.4,15.7,8.7,4.2,1.6,2.1,0.505,0.0,0.618,9.3,0.155,2009
17,David Lee\leeda02,26,NYK,0.0,7.0,615,0.011,81,37.3,20.2,11.7,3.6,1.0,0.5,0.545,0.0,0.812,10.3,0.163,2009
18,Dwight Howard\howardw01,24,ORL,1.0,5.0,615,0.008,82,34.7,18.3,13.2,1.8,0.9,2.8,0.612,0.0,0.592,13.2,0.223,2009
19T,Ersan İlyasova\ilyaser01,22,MIL,0.0,4.0,615,0.007,81,23.4,10.4,6.4,1.0,0.7,0.3,0.443,0.336,0.715,5.8,0.146,2009
19T,Chris Kaman\kamanch01,27,LAC,0.0,4.0,615,0.007,76,34.3,18.5,9.3,1.6,0.5,1.2,0.49,0.0,0.749,2.4,0.044,2009
19T,J.J. Redick\redicjj01,25,ORL,0.0,4.0,615,0.007,82,22.0,9.6,1.9,1.9,0.3,0.0,0.439,0.405,0.86,6.5,0.173,2009
22T,Chris Douglas-Roberts\douglch01,23,NJN,0.0,3.0,615,0.005,67,25.8,9.8,3.0,1.4,0.8,0.3,0.445,0.259,0.847,0.7,0.02,2009
22T,Nenê Hilário\hilarne01,27,DEN,0.0,3.0,615,0.005,82,33.6,13.8,7.6,2.5,1.4,1.0,0.587,0.0,0.704,10.8,0.188,2009
22T,Paul Millsap\millspa01,24,UTA,0.0,3.0,615,0.005,82,27.8,11.6,6.8,1.6,0.8,1.2,0.538,0.111,0.693,7.2,0.151,2009
25,Robin Lopez\lopezro01,21,PHO,0.0,2.0,615,0.003,51,19.3,8.4,4.9,0.1,0.2,1.0,0.588,,0.704,3.2,0.158,2009
26T,Monta Ellis\ellismo01,24,GSW,0.0,1.0,615,0.002,64,41.4,25.5,4.0,5.3,2.2,0.4,0.449,0.338,0.753,1.3,0.023,2009
26T,J.J. Hickson\hicksjj01,21,CLE,0.0,1.0,615,0.002,81,20.9,8.5,4.9,0.5,0.4,0.5,0.554,0.0,0.681,4.3,0.123,2009
26T,Zach Randolph\randoza01,28,MEM,0.0,1.0,615,0.002,81,37.7,20.8,11.7,1.8,1.0,0.4,0.488,0.288,0.778,9.7,0.153,2009
26T,John Salmons\salmojo01,30,TOT,0.0,1.0,615,0.002,81,34.9,15.4,3.3,2.8,1.2,0.3,0.441,0.382,0.83,7.1,0.121,2009
26T,Ben Wallace\wallabe01,35,DET,0.0,1.0,615,0.002,69,28.6,5.5,8.7,1.5,1.2,1.2,0.541,0.0,0.406,4.7,0.115,2009
1,Kevin Love\loveke01,22,MIN,66.0,400.0,580,0.69,73,35.8,20.2,15.2,2.5,0.6,0.4,0.47,0.417,0.85,11.4,0.21,2010
2,LaMarcus Aldridge\aldrila01,25,POR,11.0,157.0,580,0.271,81,39.6,21.8,8.8,2.1,1.0,1.2,0.5,0.174,0.791,11.1,0.166,2010
3,Dorell Wright\wrighdo01,25,GSW,16.0,124.0,580,0.214,82,38.4,16.4,5.3,3.0,1.5,0.8,0.423,0.376,0.789,5.8,0.088,2010
4,Derrick Rose\rosede01,22,CHI,11.0,69.0,580,0.119,81,37.4,25.0,4.1,7.7,1.0,0.6,0.445,0.332,0.858,13.1,0.208,2010
5,Kris Humphries\humphkr01,25,NJN,1.0,63.0,580,0.109,74,27.9,10.0,10.4,1.1,0.4,1.1,0.527,0.0,0.665,5.4,0.125,2010
6,Kyle Lowry\lowryky01,24,HOU,3.0,48.0,580,0.083,75,34.2,13.5,4.1,6.7,1.4,0.3,0.426,0.376,0.765,7.0,0.13,2010
7,Russell Westbrook\westbru01,22,OKC,3.0,46.0,580,0.079,82,34.7,21.9,4.6,8.2,1.9,0.4,0.442,0.33,0.842,9.4,0.159,2010
8,Wesley Matthews\matthwe02,24,POR,2.0,32.0,580,0.055,82,33.6,15.9,3.1,2.0,1.2,0.1,0.449,0.407,0.844,7.2,0.126,2010
9,Jrue Holiday\holidjr01,20,PHI,1.0,15.0,580,0.026,82,35.4,14.0,4.0,6.5,1.5,0.4,0.446,0.365,0.823,5.7,0.094,2010
10,Mike Conley\conlemi01,23,MEM,0.0,14.0,580,0.024,81,35.5,13.7,3.0,6.5,1.8,0.2,0.444,0.369,0.733,6.6,0.111,2010
11,Arron Afflalo\afflaar01,25,DEN,0.0,13.0,580,0.022,69,33.7,12.6,3.6,2.4,0.5,0.4,0.498,0.423,0.847,6.2,0.128,2010
12,Roy Hibbert\hibbero01,24,IND,1.0,9.0,580,0.016,81,27.7,12.7,7.5,2.0,0.4,1.8,0.461,0.0,0.745,3.6,0.077,2010
13,DeMar DeRozan\derozde01,21,TOR,1.0,6.0,580,0.01,82,34.8,17.2,3.8,1.8,1.0,0.4,0.467,0.096,0.813,3.2,0.055,2010
14T,Eric Gordon\gordoer01,22,LAC,0.0,5.0,580,0.009,56,37.7,22.3,2.9,4.4,1.3,0.3,0.45,0.364,0.825,5.3,0.12,2010
14T,Tyler Hansbrough\hansbty01,25,IND,0.0,5.0,580,0.009,70,21.9,11.0,5.2,0.6,0.5,0.2,0.465,0.0,0.779,3.8,0.118,2010
14T,Nick Young\youngni01,25,WAS,0.0,5.0,580,0.009,64,31.8,17.4,2.7,1.2,0.7,0.3,0.441,0.387,0.816,2.8,0.065,2010
17T,Darrell Arthur\arthuda01,22,MEM,0.0,4.0,580,0.007,80,20.1,9.1,4.3,0.7,0.7,0.8,0.497,0.0,0.813,3.8,0.113,2010
17T,Serge Ibaka\ibakase01,21,OKC,0.0,4.0,580,0.007,82,27.0,9.9,7.6,0.3,0.4,2.4,0.543,0.0,0.75,7.6,0.164,2010
17T,DeAndre Jordan\jordade01,22,LAC,0.0,4.0,580,0.007,80,25.6,7.1,7.2,0.5,0.5,1.8,0.686,0.0,0.452,5.2,0.122,2010
17T,Thaddeus Young\youngth01,22,PHI,0.0,4.0,580,0.007,82,26.0,12.7,5.3,1.0,1.1,0.3,0.541,0.273,0.707,6.2,0.139,2010
21T,D.J. Augustin\augusdj01,23,CHA,0.0,3.0,580,0.005,82,33.6,14.4,2.7,6.1,0.7,0.0,0.416,0.333,0.906,6.2,0.108,2010
21T,Luol Deng\denglu01,25,CHI,0.0,3.0,580,0.005,82,39.1,17.4,5.8,2.8,1.0,0.6,0.46,0.345,0.753,9.9,0.149,2010
21T,Amar'e Stoudemire\stoudam01,28,NYK,0.0,3.0,580,0.005,78,36.8,25.3,8.2,2.6,0.9,1.9,0.502,0.435,0.792,8.0,0.134,2010
24T,Tony Allen\allento01,29,MEM,0.0,1.0,580,0.002,72,20.8,8.9,2.7,1.4,1.8,0.6,0.51,0.174,0.753,4.7,0.152,2010
24T,Michael Beasley\beaslmi01,22,MIN,0.0,1.0,580,0.002,73,32.3,19.2,5.6,2.2,0.7,0.7,0.45,0.366,0.753,1.7,0.035,2010
24T,Elton Brand\brandel01,31,PHI,0.0,1.0,580,0.002,81,34.7,15.0,8.3,1.5,1.1,1.3,0.512,0.0,0.78,9.4,0.161,2010
24T,Tyson Chandler\chandty01,28,DAL,0.0,1.0,580,0.002,74,27.8,10.1,9.4,0.4,0.5,1.1,0.654,,0.732,9.4,0.218,2010
24T,Jared Dudley\dudleja01,25,PHO,0.0,1.0,580,0.002,82,26.1,10.6,3.9,1.3,1.1,0.2,0.477,0.415,0.743,5.6,0.126,2010
24T,Marcin Gortat\gortama01,26,TOT,0.0,1.0,580,0.002,80,25.4,10.2,7.9,0.9,0.5,1.1,0.561,0.25,0.725,6.4,0.152,2010
24T,James Harden\hardeja01,21,OKC,0.0,1.0,580,0.002,82,26.7,12.2,3.1,2.1,1.1,0.3,0.436,0.349,0.843,7.1,0.156,2010
24T,Jodie Meeks\meeksjo01,23,PHI,0.0,1.0,580,0.002,74,27.9,10.5,2.3,1.1,0.9,0.1,0.425,0.397,0.894,5.1,0.12,2010
1,Ryan Anderson\anderry01,23,ORL,33.0,260.0,605,0.43,61,32.2,16.1,7.7,0.9,0.8,0.4,0.439,0.393,0.877,8.9,0.219,2011
2,Ersan İlyasova\ilyaser01,24,MIL,21.0,159.0,605,0.263,60,27.6,13.0,8.8,1.2,0.7,0.7,0.492,0.455,0.781,6.4,0.185,2011
3,Nikola Peković\pekovni01,26,MIN,10.0,104.0,605,0.172,47,26.9,13.9,7.4,0.7,0.6,0.7,0.564,,0.743,4.5,0.17,2011
4,Andrew Bynum\bynuman01,24,LAL,14.0,101.0,605,0.167,60,35.2,18.7,11.8,1.4,0.5,1.9,0.558,0.2,0.692,8.0,0.183,2011
5,Greg Monroe\monrogr01,21,DET,10.0,96.0,605,0.159,66,31.5,15.4,9.7,2.3,1.3,0.7,0.521,0.0,0.739,7.0,0.161,2011
6,Jeremy Lin\linje01,23,NYK,10.0,91.0,605,0.15,35,26.9,14.6,3.1,6.2,1.6,0.3,0.446,0.32,0.798,2.7,0.14,2011
7,Goran Dragić\dragigo01,25,HOU,4.0,54.0,605,0.089,66,26.5,11.7,2.5,5.3,1.3,0.2,0.462,0.337,0.805,5.1,0.139,2011
8,Avery Bradley\bradlav01,21,BOS,4.0,36.0,605,0.06,64,21.4,7.6,1.8,1.4,0.7,0.2,0.498,0.407,0.795,2.4,0.085,2011
9T,Danny Green\greenda02,24,SAS,3.0,27.0,605,0.045,66,23.1,9.1,3.5,1.3,0.9,0.7,0.442,0.436,0.79,4.5,0.142,2011
9T,Jeff Teague\teaguje01,23,ATL,1.0,27.0,605,0.045,66,33.1,12.6,2.4,4.9,1.6,0.6,0.476,0.342,0.757,6.0,0.131,2011
11T,Serge Ibaka\ibakase01,22,OKC,2.0,16.0,605,0.026,66,27.2,9.1,7.5,0.4,0.5,3.7,0.535,0.333,0.661,6.2,0.167,2011
11T,Ty Lawson\lawsoty01,24,DEN,1.0,16.0,605,0.026,61,34.8,16.4,3.7,6.6,1.3,0.1,0.488,0.365,0.824,6.9,0.157,2011
13,Paul George\georgpa01,21,IND,2.0,13.0,605,0.021,66,29.7,12.1,5.6,2.4,1.6,0.6,0.44,0.385,0.802,6.0,0.148,2011
14,Steve Novak\novakst01,28,NYK,1.0,12.0,605,0.02,54,18.9,8.8,1.9,0.2,0.3,0.2,0.478,0.472,0.846,3.9,0.181,2011
15,DeMarcus Cousins\couside01,21,SAC,0.0,11.0,605,0.018,64,30.5,18.1,11.0,1.6,1.5,1.2,0.448,0.143,0.702,4.2,0.104,2011
16,Kevin Love\loveke01,23,MIN,1.0,8.0,605,0.013,55,39.0,26.0,13.3,2.0,0.9,0.5,0.448,0.372,0.824,10.0,0.223,2011
17T,James Harden\hardeja01,22,OKC,0.0,7.0,605,0.012,62,31.4,16.8,4.1,3.7,1.0,0.2,0.491,0.39,0.846,9.3,0.23,2011
17T,Roy Hibbert\hibbero01,25,IND,0.0,7.0,605,0.012,65,29.8,12.8,8.8,1.7,0.5,2.0,0.497,0.0,0.711,6.2,0.154,2011
19T,Marcin Gortat\gortama01,27,PHO,1.0,6.0,605,0.01,66,32.0,15.4,10.0,0.9,0.7,1.5,0.555,0.0,0.649,7.6,0.172,2011
19T,Gerald Henderson\hendege02,24,CHA,1.0,6.0,605,0.01,55,33.3,15.1,4.1,2.3,0.9,0.4,0.459,0.234,0.76,1.0,0.026,2011
21T,Marc Gasol\gasolma01,27,MEM,1.0,5.0,605,0.008,65,36.5,14.6,8.9,3.1,1.0,1.9,0.482,0.083,0.748,8.2,0.166,2011
21T,Kyle Lowry\lowryky01,25,HOU,1.0,5.0,605,0.008,47,32.1,14.3,4.5,6.6,1.6,0.3,0.409,0.374,0.864,4.9,0.156,2011
23,Gordon Hayward\haywago01,21,UTA,0.0,4.0,605,0.007,66,30.5,11.8,3.5,3.1,0.8,0.6,0.456,0.346,0.832,4.9,0.116,2011
24T,Arron Afflalo\afflaar01,26,DEN,0.0,3.0,605,0.005,62,33.6,15.2,3.2,2.4,0.6,0.2,0.471,0.398,0.798,5.3,0.121,2011
24T,Tony Parker\parketo01,29,SAS,0.0,3.0,605,0.005,60,32.1,18.3,2.9,7.7,1.0,0.1,0.48,0.23,0.799,7.1,0.177,2011
24T,C.J. Watson\watsocj01,27,CHI,0.0,3.0,605,0.005,49,23.7,9.7,2.1,4.1,0.9,0.2,0.368,0.393,0.808,2.6,0.109,2011
24T,Brandan Wright\wrighbr03,24,DAL,0.0,3.0,605,0.005,49,16.1,6.9,3.6,0.3,0.4,1.3,0.618,0.0,0.634,3.5,0.215,2011
28T,Jarrett Jack\jackja01,28,NOH,0.0,1.0,605,0.002,45,34.0,15.6,3.9,6.3,0.7,0.2,0.456,0.348,0.872,3.8,0.119,2011
28T,Marreese Speights\speigma01,24,MEM,0.0,1.0,605,0.002,60,22.4,8.8,6.2,0.8,0.4,0.5,0.453,0.0,0.771,2.7,0.096,2011
1,Paul George\georgpa01,22,IND,52.0,311.0,600,0.518,79,37.6,17.4,7.6,4.1,1.8,0.6,0.419,0.362,0.807,9.0,0.145,2012
2,Greivis Vásquez\vasqugr01,26,NOH,13.0,146.0,600,0.243,78,34.4,13.9,4.3,9.0,0.8,0.1,0.433,0.342,0.805,3.8,0.067,2012
3,Larry Sanders\sandela01,24,MIL,10.0,141.0,600,0.235,71,27.3,9.8,9.5,1.2,0.7,2.8,0.506,0.0,0.618,6.0,0.149,2012
4,Nikola Vučević\vucevni01,22,ORL,10.0,109.0,600,0.182,77,33.2,13.1,11.9,1.9,0.8,1.0,0.519,0.0,0.683,5.7,0.106,2012
5,Jrue Holiday\holidjr01,22,PHI,10.0,102.0,600,0.17,78,37.5,17.7,4.2,8.0,1.6,0.4,0.431,0.368,0.752,3.3,0.055,2012
6,Ömer Aşık\asikom01,26,HOU,9.0,86.0,600,0.143,82,30.0,10.1,11.7,0.9,0.6,1.1,0.541,0.0,0.562,5.5,0.108,2012
7,James Harden\hardeja01,23,HOU,8.0,53.0,600,0.088,78,38.3,25.9,4.9,5.8,1.8,0.5,0.438,0.368,0.851,12.8,0.206,2012
8,Stephen Curry\curryst01,24,GSW,1.0,18.0,600,0.03,78,38.2,22.9,4.0,6.9,1.6,0.2,0.451,0.453,0.9,11.2,0.18,2012
9,Serge Ibaka\ibakase01,23,OKC,1.0,15.0,600,0.025,80,31.1,13.2,7.7,0.5,0.4,3.0,0.573,0.351,0.749,9.4,0.181,2012
10,Chandler Parsons\parsoch01,24,HOU,0.0,14.0,600,0.023,76,36.3,15.5,5.3,3.5,1.0,0.4,0.486,0.385,0.729,7.0,0.121,2012
11,Kemba Walker\walkeke02,22,CHA,0.0,9.0,600,0.015,82,34.9,17.7,3.5,5.7,2.0,0.4,0.423,0.322,0.798,4.8,0.08,2012
12T,J.R. Smith\smithjr01,27,NYK,1.0,8.0,600,0.013,80,33.5,18.1,5.3,2.7,1.3,0.3,0.422,0.356,0.762,6.7,0.12,2012
12T,Klay Thompson\thompkl01,22,GSW,1.0,8.0,600,0.013,82,35.8,16.6,3.7,2.2,1.0,0.5,0.422,0.401,0.841,4.3,0.07,2012
14,Jimmy Butler\butleji01,23,CHI,0.0,7.0,600,0.012,82,26.0,8.6,4.0,1.4,1.0,0.4,0.467,0.381,0.803,7.0,0.158,2012
15T,Ryan Anderson\anderry01,24,NOH,1.0,5.0,600,0.008,81,30.9,16.2,6.4,1.2,0.5,0.4,0.423,0.382,0.844,6.5,0.125,2012
15T,Carmelo Anthony\anthoca01,28,NYK,1.0,5.0,600,0.008,67,37.0,28.7,6.9,2.6,0.8,0.5,0.449,0.379,0.83,9.5,0.184,2012
15T,Andray Blatche\blatcan01,26,BRK,1.0,5.0,600,0.008,82,19.0,10.3,5.1,1.0,1.0,0.7,0.512,0.136,0.685,4.9,0.153,2012
15T,Mike Conley\conlemi01,25,MEM,1.0,5.0,600,0.008,80,34.5,14.6,2.8,6.1,2.2,0.3,0.44,0.362,0.83,9.9,0.172,2012
15T,Kawhi Leonard\leonaka01,21,SAS,0.0,5.0,600,0.008,58,31.2,11.9,6.0,1.6,1.7,0.6,0.494,0.374,0.825,6.2,0.166,2012
20,Kevin Durant\duranke01,24,OKC,0.0,4.0,600,0.007,81,38.5,28.1,7.9,4.6,1.4,1.3,0.51,0.416,0.905,18.9,0.291,2012
21T,Arron Afflalo\afflaar01,27,ORL,0.0,3.0,600,0.005,64,36.0,16.5,3.7,3.2,0.6,0.2,0.439,0.3,0.857,2.0,0.042,2012
21T,Earl Clark\clarkea01,25,LAL,0.0,3.0,600,0.005,59,23.1,7.3,5.5,1.1,0.6,0.7,0.44,0.337,0.697,2.3,0.08,2012
21T,Kenneth Faried\farieke01,23,DEN,0.0,3.0,600,0.005,80,28.1,11.5,9.2,1.0,1.0,1.0,0.552,,0.613,7.8,0.167,2012
21T,Greg Monroe\monrogr01,22,DET,0.0,3.0,600,0.005,81,33.2,16.0,9.6,3.5,1.3,0.7,0.486,0.0,0.689,5.9,0.105,2012
21T,Joakim Noah\noahjo01,27,CHI,0.0,3.0,600,0.005,66,36.8,11.9,11.1,4.0,1.2,2.1,0.481,0.0,0.751,7.3,0.145,2012
26,Tristan Thompson\thomptr01,21,CLE,0.0,2.0,600,0.003,82,31.3,11.7,9.4,1.3,0.7,0.9,0.488,0.0,0.608,5.2,0.098,2012
27T,Tobias Harris\harrito02,20,TOT,0.0,1.0,600,0.002,55,23.6,11.0,5.2,1.3,0.6,0.8,0.455,0.315,0.752,2.4,0.089,2012
27T,Jarrett Jack\jackja01,29,GSW,0.0,1.0,600,0.002,79,29.7,12.9,3.1,5.6,0.8,0.1,0.452,0.404,0.843,5.6,0.115,2012
27T,Ty Lawson\lawsoty01,25,DEN,0.0,1.0,600,0.002,73,34.4,16.7,2.7,6.9,1.5,0.1,0.461,0.366,0.756,7.4,0.141,2012
27T,Brook Lopez\lopezbr01,24,BRK,0.0,1.0,600,0.002,74,30.4,19.4,6.9,0.9,0.4,2.1,0.521,0.0,0.758,9.0,0.191,2012
27T,Robin Lopez\lopezro01,24,NOH,0.0,1.0,600,0.002,82,26.0,11.3,5.6,0.8,0.4,1.6,0.534,,0.778,5.6,0.126,2012
27T,Lance Stephenson\stephla01,22,IND,0.0,1.0,600,0.002,78,29.2,8.8,3.9,2.9,1.0,0.2,0.46,0.33,0.652,5.5,0.115,2012
27T,Jeff Teague\teaguje01,24,ATL,0.0,1.0,600,0.002,80,32.9,14.6,2.3,7.2,1.5,0.4,0.451,0.359,0.881,6.1,0.111,2012
1,Goran Dragić\dragigo01,27,PHO,65.0,408.0,630,0.648,76,35.1,20.3,3.2,5.9,1.4,0.3,0.505,0.408,0.76,10.3,0.186,2013
2,Lance Stephenson\stephla01,23,IND,13.0,158.0,630,0.251,78,35.3,13.8,7.2,4.6,0.7,0.1,0.491,0.352,0.711,7.4,0.13,2013
3,Anthony Davis\davisan02,20,NOP,16.0,155.0,630,0.246,67,35.2,20.8,10.0,1.6,1.3,2.8,0.519,0.222,0.791,10.4,0.212,2013
4,Gerald Green\greenge01,28,PHO,16.0,117.0,630,0.186,82,28.4,15.8,3.4,1.5,0.9,0.5,0.445,0.4,0.848,6.1,0.126,2013
5,DeAndre Jordan\jordade01,25,LAC,4.0,66.0,630,0.105,82,35.0,10.4,13.6,0.9,1.0,2.5,0.676,,0.428,11.1,0.186,2013
6,Kyle Lowry\lowryky01,27,TOR,2.0,43.0,630,0.068,79,36.2,17.9,4.7,7.4,1.5,0.2,0.423,0.38,0.813,11.7,0.197,2013
7,Blake Griffin\griffbl01,24,LAC,6.0,39.0,630,0.062,80,35.8,24.1,9.5,3.9,1.2,0.6,0.528,0.273,0.715,12.2,0.205,2013
8,DeMar DeRozan\derozde01,24,TOR,1.0,28.0,630,0.044,79,38.2,22.7,4.3,4.0,1.1,0.4,0.429,0.305,0.824,8.8,0.141,2013
9,Patty Mills\millspa02,25,SAS,0.0,14.0,630,0.022,81,18.9,10.2,2.1,1.8,0.8,0.1,0.464,0.425,0.89,5.6,0.175,2013
10T,Markieff Morris\morrima02,24,PHO,1.0,13.0,630,0.021,81,26.6,13.8,6.0,1.8,0.8,0.6,0.486,0.315,0.792,6.4,0.143,2013
10T,Isaiah Thomas\thomais02,24,SAC,0.0,13.0,630,0.021,72,34.7,20.3,2.9,6.3,1.3,0.1,0.453,0.349,0.85,7.7,0.149,2013
12,Shaun Livingston\livinsh01,28,BRK,0.0,11.0,630,0.017,76,26.0,8.3,3.2,3.2,1.2,0.4,0.483,0.167,0.827,4.4,0.108,2013
13,D.J. Augustin\augusdj01,26,TOT,1.0,9.0,630,0.014,71,27.3,13.1,1.8,4.4,0.7,0.0,0.415,0.401,0.885,6.2,0.154,2013
14,Reggie Jackson\jacksre01,23,OKC,0.0,8.0,630,0.013,80,28.5,13.1,3.9,4.1,1.1,0.1,0.44,0.339,0.893,4.9,0.104,2013
15T,Robin Lopez\lopezro01,25,POR,0.0,6.0,630,0.01,82,31.7,11.1,8.5,0.9,0.3,1.7,0.551,0.0,0.818,9.5,0.176,2013
15T,Klay Thompson\thompkl01,23,GSW,0.0,6.0,630,0.01,81,35.4,18.4,3.1,2.2,0.9,0.5,0.444,0.417,0.795,6.7,0.112,2013
17T,Kevin Durant\duranke01,25,OKC,1.0,5.0,630,0.008,81,38.5,32.0,7.4,5.5,1.3,0.7,0.503,0.391,0.873,19.2,0.295,2013
17T,DeMarcus Cousins\couside01,23,SAC,0.0,5.0,630,0.008,71,32.4,22.7,11.7,2.9,1.5,1.3,0.496,0.0,0.726,7.9,0.166,2013
19,Al Jefferson\jeffeal01,29,CHA,0.0,4.0,630,0.006,73,35.0,21.8,10.8,2.1,0.9,1.1,0.509,0.2,0.69,7.8,0.146,2013
20T,Bradley Beal\bealbr01,20,WAS,0.0,3.0,630,0.005,73,34.7,17.1,3.7,3.3,1.0,0.2,0.419,0.402,0.788,4.0,0.076,2013
20T,Mike Conley\conlemi01,26,MEM,0.0,3.0,630,0.005,73,33.5,17.2,2.9,6.0,1.5,0.2,0.45,0.361,0.815,8.2,0.161,2013
20T,Andre Drummond\drumman01,20,DET,0.0,3.0,630,0.005,81,32.3,13.5,13.2,0.4,1.2,1.6,0.623,0.0,0.418,9.9,0.182,2013
20T,Taj Gibson\gibsota01,28,CHI,0.0,3.0,630,0.005,82,28.7,13.0,6.8,1.1,0.5,1.4,0.479,0.0,0.751,5.7,0.117,2013
20T,LeBron James\jamesle01,29,MIA,0.0,3.0,630,0.005,77,37.7,27.1,6.9,6.3,1.6,0.3,0.567,0.379,0.75,15.9,0.264,2013
20T,Terrence Jones\joneste01,22,HOU,0.0,3.0,630,0.005,76,27.3,12.1,6.9,1.1,0.7,1.3,0.542,0.307,0.605,7.3,0.169,2013
20T,Jodie Meeks\meeksjo01,26,LAL,0.0,3.0,630,0.005,77,33.2,15.7,2.5,1.8,1.4,0.1,0.463,0.401,0.857,4.5,0.084,2013
27T,LaMarcus Aldridge\aldrila01,28,POR,0.0,1.0,630,0.002,69,36.2,23.2,11.1,2.6,0.9,1.0,0.458,0.2,0.822,7.5,0.144,2013
27T,Alec Burks\burksal01,22,UTA,0.0,1.0,630,0.002,78,28.1,14.0,3.3,2.7,0.9,0.2,0.457,0.35,0.748,3.2,0.07,2013
27T,Paul Millsap\millspa01,28,ATL,0.0,1.0,630,0.002,74,33.5,17.9,8.5,3.1,1.7,1.1,0.461,0.358,0.731,6.7,0.129,2013
27T,Chandler Parsons\parsoch01,25,HOU,0.0,1.0,630,0.002,74,37.6,16.6,5.5,4.0,1.2,0.4,0.472,0.37,0.742,7.6,0.131,2013
27T,John Wall\walljo01,23,WAS,0.0,1.0,630,0.002,82,36.3,19.3,4.1,8.8,1.8,0.5,0.433,0.351,0.805,7.9,0.128,2013
1,Jimmy Butler\butleji01,25,CHI,92.0,535.0,645,0.829,65,38.7,20.0,5.8,3.3,1.8,0.6,0.462,0.378,0.834,11.2,0.214,2014
2,Draymond Green\greendr01,24,GSW,11.0,200.0,645,0.31,79,31.5,11.7,8.2,3.7,1.6,1.3,0.443,0.337,0.66,8.5,0.163,2014
3,Rudy Gobert\goberru01,22,UTA,12.0,189.0,645,0.293,82,26.3,8.4,9.5,1.3,0.8,2.3,0.604,0.0,0.623,9.3,0.206,2014
4,Hassan Whiteside\whiteha01,25,MIA,5.0,88.0,645,0.136,48,23.8,11.8,10.0,0.1,0.6,2.6,0.628,,0.5,5.3,0.221,2014
5,Klay Thompson\thompkl01,24,GSW,2.0,42.0,645,0.065,77,31.9,21.7,3.2,2.9,1.1,0.8,0.463,0.439,0.879,8.8,0.172,2014
6,Anthony Davis\davisan02,21,NOP,4.0,27.0,645,0.042,68,36.1,24.4,10.2,2.2,1.5,2.9,0.535,0.083,0.805,14.0,0.274,2014
7,Giannis Antetokounmpo\antetgi01,20,MIL,1.0,22.0,645,0.034,81,31.4,12.7,6.7,2.6,0.9,1.0,0.491,0.159,0.741,6.2,0.117,2014
8,Donatas Motiejūnas\motiedo01,24,HOU,0.0,7.0,645,0.011,71,28.7,12.0,5.9,1.8,0.8,0.5,0.504,0.368,0.602,4.7,0.11,2014
9,Dennis Schröder\schrode01,21,ATL,0.0,6.0,645,0.009,77,19.7,10.0,2.1,4.1,0.6,0.1,0.427,0.351,0.827,2.5,0.08,2014
10T,DeMarre Carroll\carrode01,28,ATL,1.0,5.0,645,0.008,70,31.3,12.6,5.3,1.7,1.3,0.2,0.487,0.395,0.702,7.0,0.154,2014
10T,Tyler Zeller\zellety01,25,BOS,1.0,5.0,645,0.008,82,21.1,10.2,5.7,1.4,0.2,0.6,0.549,,0.823,6.5,0.179,2014
12T,DeMarcus Cousins\couside01,24,SAC,0.0,4.0,645,0.006,59,34.1,24.1,12.7,3.6,1.5,1.7,0.467,0.25,0.782,6.0,0.144,2014
12T,Khris Middleton\middlkh01,23,MIL,0.0,4.0,645,0.006,79,30.1,13.4,4.4,2.3,1.5,0.1,0.467,0.407,0.859,6.7,0.135,2014
14T,Jae Crowder\crowdja01,24,TOT,0.0,3.0,645,0.005,82,20.1,7.7,3.6,1.1,0.9,0.3,0.42,0.293,0.773,3.9,0.113,2014
14T,Kyrie Irving\irvinky01,22,CLE,0.0,3.0,645,0.005,75,36.4,21.7,3.2,5.2,1.5,0.3,0.468,0.415,0.863,10.4,0.183,2014
14T,DeAndre Jordan\jordade01,26,LAC,0.0,3.0,645,0.005,82,34.4,11.5,15.0,0.7,1.0,2.2,0.71,0.25,0.397,12.8,0.217,2014
14T,Victor Oladipo\oladivi01,22,ORL,0.0,3.0,645,0.005,72,35.7,17.9,4.2,4.1,1.7,0.3,0.436,0.339,0.819,3.5,0.065,2014
18T,Kentavious Caldwell-Pope\caldwke01,21,DET,0.0,2.0,645,0.003,82,31.5,12.7,3.1,1.3,1.1,0.2,0.401,0.345,0.696,2.8,0.052,2014
18T,Nikola Vučević\vucevni01,24,ORL,0.0,2.0,645,0.003,74,34.2,19.3,10.9,2.0,0.7,0.7,0.523,0.333,0.752,7.0,0.133,2014
20T,Robert Covington\covinro01,24,PHI,0.0,1.0,645,0.002,70,27.9,13.5,4.5,1.5,1.4,0.4,0.396,0.374,0.82,4.0,0.097,2014
20T,Tyreke Evans\evansty01,25,NOP,0.0,1.0,645,0.002,79,34.1,16.6,5.3,6.6,1.3,0.5,0.447,0.304,0.694,4.6,0.082,2014
20T,Derrick Favors\favorde01,23,UTA,0.0,1.0,645,0.002,74,30.8,16.0,8.2,1.5,0.8,1.7,0.525,0.167,0.669,8.3,0.175,2014
20T,Marc Gasol\gasolma01,30,MEM,0.0,1.0,645,0.002,81,33.2,17.4,7.8,3.8,0.9,1.6,0.494,0.176,0.795,10.2,0.182,2014
20T,Tobias Harris\harrito02,22,ORL,0.0,1.0,645,0.002,68,34.8,17.1,6.3,1.8,1.0,0.5,0.466,0.364,0.788,4.8,0.098,2014
20T,Gordon Hayward\haywago01,24,UTA,0.0,1.0,645,0.002,76,34.4,19.3,4.9,4.1,1.4,0.4,0.445,0.364,0.812,8.7,0.159,2014
20T,George Hill\hillge01,28,IND,0.0,1.0,645,0.002,43,29.5,16.1,4.2,5.1,1.0,0.3,0.477,0.358,0.79,5.4,0.203,2014
20T,Enes Kanter\kanteen01,22,TOT,0.0,1.0,645,0.002,75,28.5,15.5,8.9,0.7,0.5,0.4,0.519,0.356,0.782,6.4,0.145,2014
20T,Brandon Knight\knighbr03,23,TOT,0.0,1.0,645,0.002,63,32.3,17.0,3.9,5.2,1.4,0.2,0.422,0.389,0.874,4.5,0.106,2014
20T,Kawhi Leonard\leonaka01,23,SAS,0.0,1.0,645,0.002,64,31.8,16.5,7.2,2.5,2.3,0.8,0.479,0.349,0.802,8.6,0.204,2014
20T,Meyers Leonard\leoname01,22,POR,0.0,1.0,645,0.002,55,15.4,5.9,4.5,0.6,0.2,0.3,0.51,0.42,0.938,2.8,0.158,2014
1,CJ McCollum\mccolcj01,24,POR,101.0,559.0,650,0.86,80,34.8,20.8,3.2,4.3,1.2,0.3,0.448,0.417,0.827,6.0,0.104,2015
2,Kemba Walker\walkeke02,25,CHO,7.0,166.0,650,0.255,81,35.6,20.9,4.4,5.2,1.6,0.5,0.427,0.371,0.847,9.9,0.165,2015
3,Giannis Antetokounmpo\antetgi01,21,MIL,4.0,99.0,650,0.152,80,35.3,16.9,7.7,4.3,1.2,1.4,0.506,0.257,0.724,7.1,0.121,2015
4,Stephen Curry\curryst01,27,GSW,7.0,83.0,650,0.128,79,34.2,30.1,5.4,6.7,2.1,0.2,0.504,0.454,0.908,17.9,0.318,2015
5,Will Barton\bartowi01,25,DEN,1.0,62.0,650,0.095,82,28.7,14.4,5.8,2.5,0.9,0.5,0.432,0.345,0.806,4.3,0.088,2015
6,Jae Crowder\crowdja01,25,BOS,1.0,45.0,650,0.069,73,31.6,14.2,5.1,1.8,1.7,0.5,0.443,0.336,0.82,7.3,0.152,2015
7,Draymond Green\greendr01,25,GSW,2.0,43.0,650,0.066,81,34.7,14.0,9.5,7.4,1.5,1.4,0.49,0.388,0.696,11.1,0.19,2015
8,Isaiah Thomas\thomais02,26,BOS,3.0,30.0,650,0.046,82,32.2,22.2,3.0,6.2,1.1,0.1,0.428,0.359,0.871,9.7,0.177,2015
9,Hassan Whiteside\whiteha01,26,MIA,1.0,26.0,650,0.04,73,29.1,14.2,11.8,0.4,0.6,3.7,0.606,,0.65,10.3,0.233,2015
10,Kawhi Leonard\leonaka01,24,SAS,1.0,18.0,650,0.028,72,33.1,21.2,6.8,2.6,1.8,1.0,0.506,0.443,0.874,13.7,0.277,2015
11,Andre Drummond\drumman01,22,DET,1.0,11.0,650,0.017,81,32.9,16.2,14.8,0.8,1.5,1.4,0.521,0.333,0.355,7.4,0.133,2015
12,Gary Harris\harriga01,21,DEN,1.0,6.0,650,0.009,76,32.1,12.3,2.9,1.9,1.3,0.2,0.469,0.354,0.82,4.0,0.079,2015
13T,Kent Bazemore\bazemke01,26,ATL,0.0,4.0,650,0.006,75,27.8,11.6,5.1,2.3,1.3,0.5,0.441,0.357,0.815,4.1,0.094,2015
13T,Evan Fournier\fournev01,23,ORL,0.0,4.0,650,0.006,79,32.5,15.4,2.8,2.7,1.2,0.0,0.462,0.4,0.836,5.7,0.106,2015
15T,Rodney Hood\hoodro01,23,UTA,0.0,3.0,650,0.005,79,32.2,14.5,3.4,2.7,0.9,0.2,0.42,0.359,0.86,6.0,0.112,2015
15T,Reggie Jackson\jacksre01,25,DET,0.0,3.0,650,0.005,79,30.7,18.8,3.2,6.2,0.7,0.1,0.434,0.353,0.864,6.9,0.136,2015
15T,Ian Mahinmi\mahinia01,29,IND,0.0,3.0,650,0.005,71,25.6,9.3,7.1,1.5,0.9,1.1,0.589,,0.587,6.2,0.163,2015
15T,Russell Westbrook\westbru01,27,OKC,0.0,3.0,650,0.005,80,34.4,23.5,7.8,10.4,2.0,0.3,0.454,0.296,0.812,14.0,0.245,2015
19T,Zach LaVine\lavinza01,20,MIN,0.0,1.0,650,0.002,82,28.0,14.0,2.8,3.1,0.8,0.2,0.452,0.389,0.793,2.6,0.054,2015
19T,Kyle Lowry\lowryky01,29,TOR,0.0,1.0,650,0.002,77,37.0,21.2,4.7,6.4,2.1,0.4,0.427,0.388,0.811,11.6,0.196,2015
1,Giannis Antetokounmpo\antetgi01,22,MIL,80.0,428.0,500,0.856,80,35.6,22.9,8.8,5.4,1.6,1.9,0.521,0.272,0.77,12.4,0.21,2016
2,Nikola Jokić\jokicni01,21,DEN,14.0,161.0,500,0.322,73,27.9,16.7,9.8,4.9,0.8,0.8,0.578,0.324,0.825,9.7,0.228,2016
3,Rudy Gobert\goberru01,24,UTA,1.0,113.0,500,0.226,81,33.9,14.0,12.8,1.2,0.6,2.6,0.661,0.0,0.653,14.3,0.25,2016
4,Otto Porter\porteot01,23,WAS,1.0,43.0,500,0.086,80,32.6,13.4,6.4,1.5,1.5,0.5,0.516,0.434,0.832,9.4,0.173,2016
5,Isaiah Thomas\thomais02,27,BOS,0.0,35.0,500,0.07,76,33.8,28.9,2.7,5.9,0.9,0.2,0.463,0.379,0.909,12.5,0.234,2016
6,James Johnson\johnsja01,29,MIA,1.0,34.0,500,0.068,76,27.4,12.8,4.9,3.6,1.0,1.1,0.479,0.34,0.707,5.1,0.117,2016
7,Bradley Beal\bealbr01,23,WAS,1.0,19.0,500,0.038,77,34.9,23.1,3.1,3.5,1.1,0.3,0.482,0.404,0.825,8.5,0.152,2016
8,Devin Booker\bookede01,20,PHO,1.0,18.0,500,0.036,78,35.0,22.1,3.2,3.4,0.9,0.3,0.423,0.363,0.832,2.0,0.035,2016
9,Tim Hardaway\hardati02,24,ATL,0.0,14.0,500,0.028,79,27.3,14.5,2.8,2.3,0.7,0.2,0.455,0.357,0.766,4.8,0.107,2016
10,Mike Conley\conlemi01,29,MEM,1.0,5.0,500,0.01,69,33.2,20.5,3.5,6.3,1.3,0.3,0.46,0.408,0.859,10.0,0.209,2016
11,Dion Waiters\waitedi01,25,MIA,0.0,4.0,500,0.008,46,30.1,15.8,3.3,4.3,0.9,0.4,0.424,0.395,0.646,1.6,0.057,2016
12T,Gordon Hayward\haywago01,26,UTA,0.0,3.0,500,0.006,73,34.5,21.9,5.4,3.5,1.0,0.3,0.471,0.398,0.844,10.4,0.199,2016
12T,Jusuf Nurkić\nurkiju01,22,TOT,0.0,3.0,500,0.006,65,21.4,10.2,7.2,1.9,0.8,1.1,0.507,0.0,0.571,2.0,0.068,2016
12T,Kristaps Porziņģis\porzikr01,21,NYK,0.0,3.0,500,0.006,66,32.8,18.1,7.2,1.5,0.7,2.0,0.45,0.357,0.786,4.5,0.1,2016
12T,Dennis Schröder\schrode01,23,ATL,0.0,3.0,500,0.006,79,31.5,17.9,3.1,6.3,0.9,0.2,0.451,0.34,0.855,3.7,0.071,2016
16T,Harrison Barnes\barneha02,24,DAL,0.0,2.0,500,0.004,79,35.5,19.2,5.0,1.5,0.8,0.2,0.468,0.351,0.861,4.6,0.078,2016
16T,Seth Curry\curryse01,26,DAL,0.0,2.0,500,0.004,70,29.0,12.8,2.6,2.7,1.1,0.1,0.481,0.425,0.85,4.6,0.11,2016
16T,Gary Harris\harriga01,22,DEN,0.0,2.0,500,0.004,57,31.3,14.9,3.1,2.9,1.2,0.1,0.502,0.42,0.776,4.6,0.124,2016
16T,Myles Turner\turnemy01,20,IND,0.0,2.0,500,0.004,81,31.4,14.5,7.3,1.3,0.9,2.1,0.511,0.348,0.809,8.0,0.151,2016
20T,Avery Bradley\bradlav01,26,BOS,0.0,1.0,500,0.002,55,33.4,16.3,6.1,2.2,1.2,0.2,0.463,0.39,0.731,3.1,0.081,2016
20T,Clint Capela\capelca01,22,HOU,0.0,1.0,500,0.002,65,23.9,12.6,8.1,1.0,0.5,1.2,0.643,,0.531,5.9,0.184,2016
20T,DeMar DeRozan\derozde01,27,TOR,0.0,1.0,500,0.002,74,35.4,27.3,5.2,3.9,1.1,0.2,0.467,0.266,0.842,9.0,0.166,2016
20T,Joe Ingles\inglejo01,29,UTA,0.0,1.0,500,0.002,82,24.0,7.1,3.2,2.7,1.2,0.1,0.452,0.441,0.735,5.0,0.123,2016
20T,John Wall\walljo01,26,WAS,0.0,1.0,500,0.002,78,36.4,23.1,4.2,10.7,2.0,0.6,0.451,0.327,0.801,8.8,0.149,2016
20T,Hassan Whiteside\whiteha01,27,MIA,0.0,1.0,500,0.002,77,32.6,17.0,14.1,0.7,0.7,2.1,0.557,,0.628,9.5,0.181,2016
1,Victor Oladipo\oladivi01,25,IND,99.0,499.0,505,0.988,75,34.0,23.1,5.2,4.3,2.4,0.8,0.477,0.371,0.799,8.2,0.155,2017
2,Clint Capela\capelca01,23,HOU,1.0,99.0,505,0.196,74,27.5,13.9,10.8,0.9,0.8,1.9,0.652,0.0,0.56,10.2,0.242,2017
3,Spencer Dinwiddie\dinwisp01,24,BRK,1.0,50.0,505,0.099,80,28.8,12.6,3.2,6.6,0.9,0.3,0.387,0.326,0.813,5.7,0.118,2017
4,Andre Drummond\drumman01,24,DET,0.0,46.0,505,0.091,78,33.7,15.0,16.0,3.0,1.5,1.6,0.529,0.0,0.605,10.3,0.189,2017
5,Julius Randle\randlju01,23,LAL,0.0,36.0,505,0.071,82,26.7,16.1,8.0,2.6,0.5,0.5,0.558,0.222,0.718,6.6,0.145,2017
6,Steven Adams\adamsst01,24,OKC,0.0,34.0,505,0.067,76,32.7,13.9,9.0,1.2,1.2,1.0,0.629,0.0,0.559,9.7,0.187,2017
7,Jaylen Brown\brownja02,21,BOS,0.0,32.0,505,0.063,70,30.7,14.5,4.9,1.6,1.0,0.4,0.465,0.395,0.644,4.5,0.1,2017
8,Jamal Murray\murraja01,20,DEN,0.0,24.0,505,0.048,81,31.7,16.7,3.7,3.4,1.0,0.3,0.451,0.378,0.905,5.5,0.103,2017
9,DeMar DeRozan\derozde01,28,TOR,0.0,9.0,505,0.018,80,33.9,23.0,3.9,5.2,1.1,0.3,0.456,0.31,0.825,9.6,0.17,2017
10T,Terry Rozier\roziete01,23,BOS,0.0,8.0,505,0.016,80,25.9,11.3,4.7,2.9,1.0,0.2,0.395,0.381,0.772,5.6,0.13,2017
10T,Lou Williams\willilo02,31,LAC,0.0,8.0,505,0.016,79,32.8,22.6,2.5,5.3,1.1,0.2,0.435,0.359,0.88,6.7,0.125,2017
12,Giannis Antetokounmpo\antetgi01,23,MIL,0.0,7.0,505,0.014,75,36.7,26.9,10.0,4.8,1.5,1.4,0.529,0.307,0.76,11.9,0.207,2017
13T,Nikola Jokić\jokicni01,22,DEN,0.0,6.0,505,0.012,75,32.6,18.5,10.7,6.1,1.2,0.8,0.499,0.396,0.85,10.7,0.211,2017
13T,E'Twaun Moore\mooreet01,28,NOP,0.0,6.0,505,0.012,82,31.5,12.5,2.9,2.3,1.0,0.1,0.508,0.425,0.706,4.4,0.081,2017
13T,Domantas Sabonis\sabondo01,21,IND,0.0,6.0,505,0.012,74,24.5,11.6,7.7,2.0,0.5,0.4,0.514,0.351,0.75,4.7,0.126,2017
13T,Fred VanVleet\vanvlfr01,23,TOR,0.0,6.0,505,0.012,76,20.0,8.6,2.4,3.2,0.9,0.3,0.426,0.414,0.832,4.7,0.149,2017
17T,Tyreke Evans\evansty01,28,MEM,0.0,4.0,505,0.008,52,30.9,19.4,5.1,5.2,1.1,0.3,0.452,0.399,0.785,4.2,0.126,2017
17T,Brandon Ingram\ingrabr01,20,LAL,0.0,4.0,505,0.008,59,33.5,16.1,5.3,3.9,0.8,0.7,0.47,0.39,0.681,2.8,0.068,2017
17T,Dejounte Murray\murrade01,21,SAS,0.0,4.0,505,0.008,81,21.5,8.1,5.7,2.9,1.2,0.4,0.443,0.265,0.709,3.2,0.087,2017
20T,Tobias Harris\harrito02,25,TOT,0.0,3.0,505,0.006,80,33.4,18.6,5.5,2.4,0.9,0.4,0.46,0.411,0.829,6.7,0.12,2017
20T,Joe Ingles\inglejo01,30,UTA,0.0,3.0,505,0.006,82,31.4,11.5,4.2,4.8,1.1,0.2,0.467,0.44,0.795,7.6,0.141,2017
20T,Dario Šarić\saricda01,23,PHI,0.0,3.0,505,0.006,78,29.6,14.6,6.7,2.6,0.7,0.3,0.453,0.393,0.86,6.6,0.137,2017
23T,Kris Dunn\dunnkr01,23,CHI,0.0,2.0,505,0.004,52,29.3,13.4,4.3,6.0,2.0,0.5,0.429,0.321,0.737,0.9,0.027,2017
23T,Aaron Gordon\gordoaa01,22,ORL,0.0,2.0,505,0.004,58,32.9,17.6,7.9,2.3,1.0,0.8,0.434,0.336,0.698,2.9,0.072,2017
25T,Montrezl Harrell\harremo01,24,LAC,0.0,1.0,505,0.002,76,17.0,11.0,4.0,1.0,0.5,0.7,0.635,0.143,0.626,5.5,0.205,2017
25T,Kristaps Porziņģis\porzikr01,22,NYK,0.0,1.0,505,0.002,48,32.4,22.7,6.6,1.2,0.8,2.4,0.439,0.395,0.793,3.2,0.099,2017
25T,Taurean Prince\princta02,23,ATL,0.0,1.0,505,0.002,82,30.0,14.1,4.7,2.6,1.0,0.5,0.426,0.385,0.844,2.0,0.038,2017
25T,Josh Richardson\richajo01,24,MIA,0.0,1.0,505,0.002,81,33.2,12.9,3.5,2.9,1.5,0.9,0.451,0.378,0.845,5.4,0.096,2017
25T,Ricky Rubio\rubiori01,27,UTA,0.0,1.0,505,0.002,77,29.3,13.1,4.6,5.3,1.6,0.1,0.418,0.352,0.866,5.3,0.112,2017
25T,Pascal Siakam\siakapa01,23,TOR,0.0,1.0,505,0.002,81,20.7,7.3,4.5,2.0,0.8,0.5,0.508,0.22,0.621,4.7,0.133,2017
25T,Karl-Anthony Towns\townska01,22,MIN,0.0,1.0,505,0.002,82,35.6,21.3,12.3,2.4,0.8,1.4,0.545,0.421,0.858,14.0,0.23,2017
25T,T.J. Warren\warretj01,24,PHO,0.0,1.0,505,0.002,65,33.0,19.6,5.1,1.3,1.0,0.6,0.498,0.222,0.757,3.4,0.077,2017
1,Pascal Siakam\siakapa01,24,TOR,86.0,469.0,500,0.938,80,31.9,16.9,6.9,3.1,0.9,0.7,0.549,0.369,0.785,9.3,0.175,2018
2,D'Angelo Russell\russeda01,22,BRK,12.0,255.0,500,0.51,81,30.2,21.1,3.9,7.0,1.2,0.2,0.434,0.369,0.78,5.0,0.097,2018
3,De'Aaron Fox\foxde01,21,SAC,1.0,77.0,500,0.154,81,31.4,17.3,3.8,7.3,1.6,0.6,0.458,0.371,0.727,5.6,0.106,2018
4,Buddy Hield\hieldbu01,26,SAC,0.0,22.0,500,0.044,82,31.9,20.7,5.0,2.5,0.7,0.4,0.458,0.427,0.886,5.9,0.108,2018
5,Nikola Vučević\vucevni01,28,ORL,0.0,20.0,500,0.04,80,31.4,20.8,12.0,3.8,1.0,1.1,0.518,0.364,0.789,10.1,0.193,2018
6,Domantas Sabonis\sabondo01,22,IND,0.0,10.0,500,0.02,74,24.8,14.1,9.3,2.9,0.6,0.4,0.59,0.529,0.715,7.6,0.197,2018
7,Montrezl Harrell\harremo01,25,LAC,0.0,9.0,500,0.018,82,26.3,16.6,6.5,2.0,0.9,1.3,0.615,0.176,0.643,8.7,0.193,2018
8,Derrick Rose\rosede01,30,MIN,1.0,8.0,500,0.016,51,27.3,18.0,2.7,4.3,0.6,0.2,0.482,0.37,0.856,3.0,0.102,2018
9,John Collins\collijo01,21,ATL,0.0,6.0,500,0.012,61,30.0,19.5,9.8,2.0,0.4,0.6,0.56,0.348,0.763,6.0,0.158,2018
10,Giannis Antetokounmpo\antetgi01,24,MIL,0.0,4.0,500,0.008,72,32.8,27.7,12.5,5.9,1.3,1.5,0.578,0.256,0.729,14.4,0.292,2018
11T,Malik Beasley\beaslma01,22,DEN,0.0,3.0,500,0.006,81,23.2,11.3,2.5,1.2,0.7,0.1,0.474,0.402,0.848,4.5,0.115,2018
11T,Danilo Gallinari\gallida01,30,LAC,0.0,3.0,500,0.006,68,30.3,19.8,6.1,2.6,0.7,0.3,0.463,0.433,0.904,8.2,0.191,2018
11T,Paul George\georgpa01,28,OKC,0.0,3.0,500,0.006,77,36.9,28.0,8.2,4.1,2.2,0.4,0.438,0.386,0.839,11.9,0.201,2018
14T,Bojan Bogdanović\bogdabo02,29,IND,0.0,2.0,500,0.004,81,31.8,18.0,4.1,2.0,0.9,0.0,0.497,0.425,0.807,6.8,0.126,2018
14T,Thomas Bryant\bryanth01,21,WAS,0.0,2.0,500,0.004,72,20.8,10.5,6.3,1.3,0.3,0.9,0.616,0.333,0.781,5.6,0.178,2018
16T,Willie Cauley-Stein\caulewi01,25,SAC,0.0,1.0,500,0.002,81,27.3,11.9,8.4,2.4,1.2,0.6,0.556,0.5,0.551,6.7,0.146,2018
16T,Spencer Dinwiddie\dinwisp01,25,BRK,0.0,1.0,500,0.002,68,28.1,16.8,2.4,4.6,0.6,0.3,0.442,0.335,0.806,4.8,0.121,2018
16T,Bryn Forbes\forbebr01,25,SAS,0.0,1.0,500,0.002,82,28.0,11.8,2.9,2.1,0.5,0.0,0.456,0.426,0.885,3.8,0.079,2018
16T,Jerami Grant\grantje01,24,OKC,0.0,1.0,500,0.002,80,32.7,13.6,5.2,1.0,0.8,1.3,0.497,0.392,0.71,7.3,0.134,2018
16T,Zach LaVine\lavinza01,23,CHI,0.0,1.0,500,0.002,63,34.5,23.7,4.7,4.5,1.0,0.4,0.467,0.374,0.832,2.8,0.062,2018
16T,Josh Richardson\richajo01,25,MIA,0.0,1.0,500,0.002,73,34.8,16.6,3.6,4.1,1.1,0.5,0.412,0.357,0.861,5.6,0.106,2018
16T,Derrick White\whitede01,24,SAS,0.0,1.0,500,0.002,67,25.8,9.9,3.7,3.9,1.0,0.7,0.479,0.338,0.772,3.6,0.101,2018
1,Brandon Ingram\ingrabr01,22,NOP,42.0,326.0,500,0.652,62,33.9,23.8,6.1,4.2,1.0,0.6,0.463,0.391,0.851,5.1,0.115,2019
2,Bam Adebayo\adebaba01,22,MIA,38.0,295.0,500,0.59,72,33.6,15.9,10.2,5.1,1.1,1.3,0.557,0.143,0.691,8.5,0.168,2019
3,Luka Dončić\doncilu01,20,DAL,12.0,101.0,500,0.202,61,33.6,28.8,9.4,8.8,1.0,0.2,0.463,0.316,0.758,8.8,0.207,2019
4,Jayson Tatum\tatumja01,21,BOS,3.0,57.0,500,0.114,66,34.3,23.4,7.0,3.0,1.4,0.9,0.45,0.403,0.812,6.9,0.146,2019
5,Devonte' Graham\grahade01,24,CHO,2.0,50.0,500,0.1,63,35.1,18.2,3.4,7.5,1.0,0.2,0.382,0.373,0.82,3.4,0.073,2019
6,Shai Gilgeous-Alexander\gilgesh01,21,OKC,0.0,21.0,500,0.042,70,34.7,19.0,5.9,3.3,1.1,0.7,0.471,0.347,0.807,6.1,0.121,2019
7,Pascal Siakam\siakapa01,25,TOR,1.0,13.0,500,0.026,60,35.2,22.9,7.3,3.5,1.0,0.9,0.453,0.359,0.792,5.4,0.123,2019
8,Christian Wood\woodch01,24,DET,1.0,11.0,500,0.022,62,21.4,13.1,6.3,1.0,0.5,0.9,0.567,0.386,0.744,5.1,0.183,2019
9,Trae Young\youngtr01,21,ATL,0.0,10.0,500,0.02,60,35.3,29.6,4.3,9.3,1.1,0.1,0.437,0.361,0.86,5.9,0.133,2019
10,Fred VanVleet\vanvlfr01,25,TOR,1.0,6.0,500,0.012,54,35.7,17.6,3.8,6.6,1.9,0.3,0.413,0.39,0.848,5.8,0.145,2019
11T,Dāvis Bertāns\bertada01,27,WAS,0.0,3.0,500,0.006,54,29.3,15.4,4.5,1.7,0.7,0.6,0.434,0.424,0.852,3.5,0.107,2019
11T,Jaylen Brown\brownja02,23,BOS,0.0,3.0,500,0.006,57,33.9,20.3,6.4,2.1,1.1,0.4,0.481,0.382,0.724,4.9,0.123,2019
13,Markelle Fultz\fultzma01,21,ORL,0.0,2.0,500,0.004,72,27.7,12.1,3.3,5.1,1.3,0.2,0.465,0.267,0.73,2.7,0.065,2019
14T,Spencer Dinwiddie\dinwisp01,26,BRK,0.0,1.0,500,0.002,64,31.2,20.6,3.5,6.8,0.6,0.3,0.415,0.308,0.778,4.8,0.116,2019
14T,Duncan Robinson\robindu01,25,MIA,0.0,1.0,500,0.002,73,29.7,13.5,3.2,1.4,0.5,0.3,0.47,0.446,0.931,5.3,0.118,2019
1,Julius Randle\randlju01,26,NYK,98.0,493.0,500,0.986,71,37.6,24.1,10.2,6.0,0.9,0.3,0.456,0.411,0.811,7.8,0.14,2020
2,Jerami Grant\grantje01,26,DET,2.0,140.0,500,0.28,54,33.9,22.3,4.6,2.8,0.6,1.1,0.429,0.35,0.845,3.2,0.083,2020
3,Michael Porter\portemi01,22,DEN,0.0,138.0,500,0.276,61,31.3,19.0,7.3,1.1,0.7,0.9,0.542,0.445,0.791,6.9,0.173,2020
4,Christian Wood\woodch01,25,HOU,0.0,44.0,500,0.088,41,32.3,21.0,9.6,1.7,0.8,1.2,0.514,0.374,0.631,2.8,0.1,2020
5,Zach LaVine\lavinza01,25,CHI,0.0,20.0,500,0.04,58,35.1,27.4,5.0,4.9,0.8,0.5,0.507,0.419,0.849,5.9,0.138,2020
6T,Chris Boucher\bouchch01,28,TOR,0.0,10.0,500,0.02,60,24.2,13.6,6.7,1.1,0.6,1.9,0.514,0.383,0.788,6.1,0.201,2020
6T,Jaylen Brown\brownja02,24,BOS,0.0,10.0,500,0.02,58,34.5,24.7,6.0,3.4,1.2,0.6,0.484,0.397,0.764,4.8,0.115,2020
8,Mikal Bridges\bridgmi01,24,PHO,0.0,8.0,500,0.016,72,32.6,13.5,4.3,2.1,1.1,0.9,0.543,0.425,0.84,8.0,0.164,2020
9,Zion Williamson\willizi01,20,NOP,0.0,6.0,500,0.012,61,33.2,27.0,7.2,3.7,0.9,0.6,0.611,0.294,0.698,8.7,0.205,2020
10T,Clint Capela\capelca01,26,ATL,0.0,3.0,500,0.006,63,30.1,15.2,14.3,0.8,0.7,2.0,0.594,,0.573,8.2,0.207,2020
10T,Jordan Clarkson\clarkjo01,28,UTA,0.0,3.0,500,0.006,68,26.7,18.4,4.0,2.5,0.9,0.1,0.425,0.347,0.896,4.2,0.111,2020
10T,Luguentz Dort\dortlu01,21,OKC,0.0,3.0,500,0.006,52,29.7,14.0,3.6,1.7,0.9,0.4,0.387,0.343,0.744,0.3,0.011,2020
10T,Darius Garland\garlada01,21,CLE,0.0,3.0,500,0.006,54,33.1,17.4,2.4,6.1,1.2,0.1,0.451,0.395,0.848,1.2,0.033,2020
10T,Jordan Poole\poolejo01,21,GSW,0.0,3.0,500,0.006,51,19.4,12.0,1.8,1.9,0.5,0.2,0.432,0.351,0.882,1.9,0.094,2020
10T,Nikola Vučević\vucevni01,30,TOT,0.0,3.0,500,0.006,70,33.5,23.4,11.7,3.8,0.9,0.7,0.477,0.4,0.84,6.3,0.129,2020
16T,Kyle Anderson\anderky01,27,MEM,0.0,2.0,500,0.004,69,27.3,12.4,5.7,3.6,1.2,0.8,0.468,0.36,0.783,5.6,0.143,2020
16T,RJ Barrett\barrerj01,20,NYK,0.0,2.0,500,0.004,72,34.9,17.6,5.8,3.0,0.7,0.3,0.441,0.401,0.746,4.1,0.078,2020
16T,Miles Bridges\bridgmi02,22,CHO,0.0,2.0,500,0.004,66,29.3,12.7,6.0,2.2,0.7,0.8,0.503,0.4,0.867,4.2,0.105,2020
19T,Lonzo Ball\balllo01,23,NOP,0.0,1.0,500,0.002,55,31.8,14.6,4.8,5.7,1.5,0.6,0.414,0.378,0.781,3.2,0.089,2020
19T,Bojan Bogdanović\bogdabo02,31,UTA,0.0,1.0,500,0.002,72,30.8,17.0,3.9,1.9,0.6,0.1,0.439,0.39,0.879,5.2,0.113,2020
19T,Shai Gilgeous-Alexander\gilgesh01,22,OKC,0.0,1.0,500,0.002,35,33.7,23.7,4.7,5.9,0.8,0.7,0.508,0.418,0.808,3.5,0.143,2020
19T,Richaun Holmes\holmeri01,27,SAC,0.0,1.0,500,0.002,61,29.2,14.2,8.3,1.7,0.6,1.6,0.637,0.182,0.794,6.1,0.165,2020
19T,T.J. McConnell\mccontj01,28,IND,0.0,1.0,500,0.002,69,26.0,8.6,3.7,6.6,1.9,0.3,0.559,0.313,0.688,4.8,0.128,2020
19T,Terry Rozier\roziete01,26,CHO,0.0,1.0,500,0.002,69,34.5,20.4,4.4,4.2,1.3,0.4,0.45,0.389,0.817,5.2,0.105,2020
19T,Andrew Wiggins\wiggian01,25,GSW,0.0,1.0,500,0.002,71,33.3,18.6,4.9,2.4,0.9,1.0,0.477,0.38,0.714,3.9,0.08,2020
